Name,Description,List,Labels,Members,Due Date,Position
EPUI-01 — Identità visiva e direzione UI,"CODICE: EPUI-01

USER STORY
Come product owner voglio una direzione visiva riconoscibile, moderna e coerente affinché tutte le schermate di FantApperò condividano lo stesso linguaggio.

OBIETTIVO E SCOPE
- Definire moodboard, principi visivi, palette accessibile, tipografia, iconografia, raggi, ombre, spaziatura e tono delle illustrazioni.
- Tradurre il posizionamento moderno, accattivante, premium e pulito in token espliciti e riutilizzabili.
- Documentare usi corretti e vietati, inclusi contrasto, gerarchia e densità delle interfacce fantasy sportive.

CRITERI DI ACCETTAZIONE
- La direzione visiva è documentata e applicabile sia alla web app sia al pannello amministrativo.
- Colori e combinazioni testuali rispettano almeno WCAG AA.
- Nessun elemento grafico dipende da asset senza licenza o da valori hardcoded nelle singole schermate.

TEST MINIMI
- Test unitari delle regole e delle validazioni introdotte.
- Test del flusso UI positivo, vuoto, errore e permessi insufficienti.

DELIVERABLE
- Codice applicativo e configurazioni nel modulo coerente con l’architettura approvata.
- Interfaccia web/mobile con stati di caricamento, vuoto, errore e successo.
- Test automatici e breve evidenza di verifica collegabile alla card.

DIPENDENZE
EP01-01

STIMA INIZIALE
2–4 giorni

PROMPT CURSOR
CONTESTO STANDARD — FANTAPPERÒ
Stai lavorando su FantApperò, una piattaforma fantasy football web con backend Python/FastAPI, frontend React/TypeScript, PostgreSQL, Redis, worker asincroni e integrazione centralizzata con API-Football. L’architettura approvata è un monolite modulare API-first. Gli ambienti locali e i servizi applicativi devono essere gestiti con Docker e Docker Compose.

REGOLE GENERALI OBBLIGATORIE
- Usa l’italiano come lingua predefinita per interfaccia, messaggi utente, dati seed, documentazione funzionale e nuovi contenuti. Predisponi il codice per una futura internazionalizzazione, senza implementare ora lingue aggiuntive se la card non lo richiede.
- Non modificare funzionalità, regole di gioco, API, schema dati, configurazioni o componenti non necessari alla card.
- Non cancellare o rinominare codice, migrazioni, dati, test o funzioni esistenti senza una motivazione tecnica esplicita e verificata.
- Prima di creare qualcosa, controlla cosa esiste già e riusa pattern, moduli e componenti compatibili.
- Mantieni compatibilità con le funzionalità esistenti e non anticipare card o milestone successive.
- Non inserire segreti nel codice, nei log, nei test, nei commit o nella documentazione.
- Non usare Makefile, il comando `make` o wrapper equivalenti. Usa i normali comandi `docker compose` definiti dal progetto.
- Non presupporre servizi installati localmente: esegui backend, worker, database, Redis, migrazioni e test attraverso Docker Compose, salvo attività puramente frontend già previste diversamente dal repository.
- Se manca un servizio o un comando Compose necessario, aggiorna `compose.yaml` e la documentazione in modo minimale e coerente con lo scope.

INCARICO
- Card Trello: EPUI-01 — Identità visiva e direzione UI
- Dipendenze dichiarate: EP01-01

Prima di modificare il codice:
1. analizza la struttura del progetto aperto e individua tutti i file coinvolti nella card;
2. leggi il README e la documentazione architetturale o tecnica effettivamente presenti e pertinenti;
3. verifica cosa esiste già ed evita implementazioni duplicate;
4. controlla che le dipendenze funzionali dichiarate siano già implementate; se manca una dipendenza bloccante, fermati e descrivi con precisione cosa manca;
5. indicami brevemente il piano che seguirai prima di applicare le modifiche;
6. riusa pattern, servizi e componenti già adottati quando sono compatibili;
7. non introdurre segreti, credenziali, dipendenze non necessarie o modifiche fuori scope.

USER STORY
Come product owner voglio una direzione visiva riconoscibile, moderna e coerente affinché tutte le schermate di FantApperò condividano lo stesso linguaggio.

ATTIVITÀ RICHIESTE
- Definire moodboard, principi visivi, palette accessibile, tipografia, iconografia, raggi, ombre, spaziatura e tono delle illustrazioni.
- Tradurre il posizionamento moderno, accattivante, premium e pulito in token espliciti e riutilizzabili.
- Documentare usi corretti e vietati, inclusi contrasto, gerarchia e densità delle interfacce fantasy sportive.

VINCOLI DI IMPLEMENTAZIONE
- Rispetta il monolite modulare API-first, i confini di dominio e il modello dati approvati.
- Le autorizzazioni e le validazioni decisive devono essere applicate lato server.
- Le operazioni che cambiano crediti, rose, mercato, risultati o configurazioni devono essere atomiche e auditabili.
- Mantieni retrocompatibilità con migrazioni e API esistenti; se non è possibile, documenta esplicitamente la decisione.
- Non implementare funzionalità appartenenti a card successive.
- Aggiungi log e metriche utili senza esporre dati personali o segreti.

CRITERI DI ACCETTAZIONE
- La direzione visiva è documentata e applicabile sia alla web app sia al pannello amministrativo.
- Colori e combinazioni testuali rispettano almeno WCAG AA.
- Nessun elemento grafico dipende da asset senza licenza o da valori hardcoded nelle singole schermate.

TEST MINIMI
- Test unitari delle regole e delle validazioni introdotte.
- Test del flusso UI positivo, vuoto, errore e permessi insufficienti.

DELIVERABLE ATTESI
- Codice applicativo e configurazioni nel modulo coerente con l’architettura approvata.
- Interfaccia web/mobile con stati di caricamento, vuoto, errore e successo.
- Test automatici e breve evidenza di verifica collegabile alla card.

CHIUSURA DEL LAVORO
- Esegui lint, type-check, test pertinenti e build dei moduli toccati usando i comandi ordinari `docker compose`; non usare `make`.
- Riporta file modificati, migrazioni, comandi eseguiti e relativi esiti.
- Spiega le decisioni tecniche non ovvie e gli eventuali rischi residui.
- Se qualcosa non è verificabile nell’ambiente disponibile, dichiaralo chiaramente senza simulare un esito positivo.
- Non creare commit o push se non richiesto espressamente.
",M0.5 — Ready,"M0.5, EPUI, Must, Frontend",,,1
EPUI-02 — Design system web,"CODICE: EPUI-02

USER STORY
Come sviluppatore voglio un design system condiviso per costruire schermate coerenti senza duplicare stili e comportamenti.

OBIETTIVO E SCOPE
- Implementare design token semantici per colori, tipografia, spaziature, breakpoint, raggi, ombre e livelli.
- Creare i componenti fondamentali: pulsanti, input, select, card, badge, tab, modali, toast, tabelle, skeleton ed empty state.
- Aggiungere varianti, stati focus/hover/disabled/error/loading e documentazione d’uso.

CRITERI DI ACCETTAZIONE
- I componenti non contengono testi di dominio hardcoded e sono riutilizzabili.
- Sono presenti test dei comportamenti principali e verifica accessibilità da tastiera.
- Tema e token sono consumati centralmente e non duplicati nelle feature.

TEST MINIMI
- Test unitari delle regole e delle validazioni introdotte.
- Test del flusso UI positivo, vuoto, errore e permessi insufficienti.

DELIVERABLE
- Codice applicativo e configurazioni nel modulo coerente con l’architettura approvata.
- Interfaccia web/mobile con stati di caricamento, vuoto, errore e successo.
- Test automatici e breve evidenza di verifica collegabile alla card.

DIPENDENZE
EPUI-01

STIMA INIZIALE
2–4 giorni

PROMPT CURSOR
CONTESTO STANDARD — FANTAPPERÒ
Stai lavorando su FantApperò, una piattaforma fantasy football web con backend Python/FastAPI, frontend React/TypeScript, PostgreSQL, Redis, worker asincroni e integrazione centralizzata con API-Football. L’architettura approvata è un monolite modulare API-first. Gli ambienti locali e i servizi applicativi devono essere gestiti con Docker e Docker Compose.

REGOLE GENERALI OBBLIGATORIE
- Usa l’italiano come lingua predefinita per interfaccia, messaggi utente, dati seed, documentazione funzionale e nuovi contenuti. Predisponi il codice per una futura internazionalizzazione, senza implementare ora lingue aggiuntive se la card non lo richiede.
- Non modificare funzionalità, regole di gioco, API, schema dati, configurazioni o componenti non necessari alla card.
- Non cancellare o rinominare codice, migrazioni, dati, test o funzioni esistenti senza una motivazione tecnica esplicita e verificata.
- Prima di creare qualcosa, controlla cosa esiste già e riusa pattern, moduli e componenti compatibili.
- Mantieni compatibilità con le funzionalità esistenti e non anticipare card o milestone successive.
- Non inserire segreti nel codice, nei log, nei test, nei commit o nella documentazione.
- Non usare Makefile, il comando `make` o wrapper equivalenti. Usa i normali comandi `docker compose` definiti dal progetto.
- Non presupporre servizi installati localmente: esegui backend, worker, database, Redis, migrazioni e test attraverso Docker Compose, salvo attività puramente frontend già previste diversamente dal repository.
- Se manca un servizio o un comando Compose necessario, aggiorna `compose.yaml` e la documentazione in modo minimale e coerente con lo scope.

INCARICO
- Card Trello: EPUI-02 — Design system web
- Dipendenze dichiarate: EPUI-01

Prima di modificare il codice:
1. analizza la struttura del progetto aperto e individua tutti i file coinvolti nella card;
2. leggi il README e la documentazione architetturale o tecnica effettivamente presenti e pertinenti;
3. verifica cosa esiste già ed evita implementazioni duplicate;
4. controlla che le dipendenze funzionali dichiarate siano già implementate; se manca una dipendenza bloccante, fermati e descrivi con precisione cosa manca;
5. indicami brevemente il piano che seguirai prima di applicare le modifiche;
6. riusa pattern, servizi e componenti già adottati quando sono compatibili;
7. non introdurre segreti, credenziali, dipendenze non necessarie o modifiche fuori scope.

USER STORY
Come sviluppatore voglio un design system condiviso per costruire schermate coerenti senza duplicare stili e comportamenti.

ATTIVITÀ RICHIESTE
- Implementare design token semantici per colori, tipografia, spaziature, breakpoint, raggi, ombre e livelli.
- Creare i componenti fondamentali: pulsanti, input, select, card, badge, tab, modali, toast, tabelle, skeleton ed empty state.
- Aggiungere varianti, stati focus/hover/disabled/error/loading e documentazione d’uso.

VINCOLI DI IMPLEMENTAZIONE
- Rispetta il monolite modulare API-first, i confini di dominio e il modello dati approvati.
- Le autorizzazioni e le validazioni decisive devono essere applicate lato server.
- Le operazioni che cambiano crediti, rose, mercato, risultati o configurazioni devono essere atomiche e auditabili.
- Mantieni retrocompatibilità con migrazioni e API esistenti; se non è possibile, documenta esplicitamente la decisione.
- Non implementare funzionalità appartenenti a card successive.
- Aggiungi log e metriche utili senza esporre dati personali o segreti.

CRITERI DI ACCETTAZIONE
- I componenti non contengono testi di dominio hardcoded e sono riutilizzabili.
- Sono presenti test dei comportamenti principali e verifica accessibilità da tastiera.
- Tema e token sono consumati centralmente e non duplicati nelle feature.

TEST MINIMI
- Test unitari delle regole e delle validazioni introdotte.
- Test del flusso UI positivo, vuoto, errore e permessi insufficienti.

DELIVERABLE ATTESI
- Codice applicativo e configurazioni nel modulo coerente con l’architettura approvata.
- Interfaccia web/mobile con stati di caricamento, vuoto, errore e successo.
- Test automatici e breve evidenza di verifica collegabile alla card.

CHIUSURA DEL LAVORO
- Esegui lint, type-check, test pertinenti e build dei moduli toccati usando i comandi ordinari `docker compose`; non usare `make`.
- Riporta file modificati, migrazioni, comandi eseguiti e relativi esiti.
- Spiega le decisioni tecniche non ovvie e gli eventuali rischi residui.
- Se qualcosa non è verificabile nell’ambiente disponibile, dichiaralo chiaramente senza simulare un esito positivo.
- Non creare commit o push se non richiesto espressamente.
",M0.5 — Ready,"M0.5, EPUI, Must, Frontend",,,2
"EPUI-03 — Layout, navigazione e componenti applicativi base","CODICE: EPUI-03

USER STORY
Come utente voglio orientarmi facilmente tra leghe, turni, rosa, mercato e profilo attraverso una struttura stabile e comprensibile.

OBIETTIVO E SCOPE
- Definire architettura della navigazione desktop e mobile per utente, amministratore di lega e operatore globale.
- Implementare header, sidebar o bottom navigation, contenitore pagina, breadcrumb e selettore lega.
- Predisporre componenti applicativi base per KPI, giocatore, partita, formazione, risultato e anomalie.

CRITERI DI ACCETTAZIONE
- Le voci non autorizzate non sono mostrate e le route restano protette lato server.
- La navigazione funziona con tastiera e su viewport mobile, tablet e desktop.
- Il pannello globale è distinto visivamente e funzionalmente dalla gestione della singola lega.

TEST MINIMI
- Test unitari delle regole e delle validazioni introdotte.
- Test del flusso UI positivo, vuoto, errore e permessi insufficienti.

DELIVERABLE
- Codice applicativo e configurazioni nel modulo coerente con l’architettura approvata.
- Interfaccia web/mobile con stati di caricamento, vuoto, errore e successo.
- Test automatici e breve evidenza di verifica collegabile alla card.

DIPENDENZE
EPUI-02, EP02-03 per l’integrazione definitiva dei permessi

STIMA INIZIALE
2–4 giorni

PROMPT CURSOR
CONTESTO STANDARD — FANTAPPERÒ
Stai lavorando su FantApperò, una piattaforma fantasy football web con backend Python/FastAPI, frontend React/TypeScript, PostgreSQL, Redis, worker asincroni e integrazione centralizzata con API-Football. L’architettura approvata è un monolite modulare API-first. Gli ambienti locali e i servizi applicativi devono essere gestiti con Docker e Docker Compose.

REGOLE GENERALI OBBLIGATORIE
- Usa l’italiano come lingua predefinita per interfaccia, messaggi utente, dati seed, documentazione funzionale e nuovi contenuti. Predisponi il codice per una futura internazionalizzazione, senza implementare ora lingue aggiuntive se la card non lo richiede.
- Non modificare funzionalità, regole di gioco, API, schema dati, configurazioni o componenti non necessari alla card.
- Non cancellare o rinominare codice, migrazioni, dati, test o funzioni esistenti senza una motivazione tecnica esplicita e verificata.
- Prima di creare qualcosa, controlla cosa esiste già e riusa pattern, moduli e componenti compatibili.
- Mantieni compatibilità con le funzionalità esistenti e non anticipare card o milestone successive.
- Non inserire segreti nel codice, nei log, nei test, nei commit o nella documentazione.
- Non usare Makefile, il comando `make` o wrapper equivalenti. Usa i normali comandi `docker compose` definiti dal progetto.
- Non presupporre servizi installati localmente: esegui backend, worker, database, Redis, migrazioni e test attraverso Docker Compose, salvo attività puramente frontend già previste diversamente dal repository.
- Se manca un servizio o un comando Compose necessario, aggiorna `compose.yaml` e la documentazione in modo minimale e coerente con lo scope.

INCARICO
- Card Trello: EPUI-03 — Layout, navigazione e componenti applicativi base
- Dipendenze dichiarate: EPUI-02, EP02-03 per l’integrazione definitiva dei permessi

Prima di modificare il codice:
1. analizza la struttura del progetto aperto e individua tutti i file coinvolti nella card;
2. leggi il README e la documentazione architetturale o tecnica effettivamente presenti e pertinenti;
3. verifica cosa esiste già ed evita implementazioni duplicate;
4. controlla che le dipendenze funzionali dichiarate siano già implementate; se manca una dipendenza bloccante, fermati e descrivi con precisione cosa manca;
5. indicami brevemente il piano che seguirai prima di applicare le modifiche;
6. riusa pattern, servizi e componenti già adottati quando sono compatibili;
7. non introdurre segreti, credenziali, dipendenze non necessarie o modifiche fuori scope.

USER STORY
Come utente voglio orientarmi facilmente tra leghe, turni, rosa, mercato e profilo attraverso una struttura stabile e comprensibile.

ATTIVITÀ RICHIESTE
- Definire architettura della navigazione desktop e mobile per utente, amministratore di lega e operatore globale.
- Implementare header, sidebar o bottom navigation, contenitore pagina, breadcrumb e selettore lega.
- Predisporre componenti applicativi base per KPI, giocatore, partita, formazione, risultato e anomalie.

VINCOLI DI IMPLEMENTAZIONE
- Rispetta il monolite modulare API-first, i confini di dominio e il modello dati approvati.
- Le autorizzazioni e le validazioni decisive devono essere applicate lato server.
- Le operazioni che cambiano crediti, rose, mercato, risultati o configurazioni devono essere atomiche e auditabili.
- Mantieni retrocompatibilità con migrazioni e API esistenti; se non è possibile, documenta esplicitamente la decisione.
- Non implementare funzionalità appartenenti a card successive.
- Aggiungi log e metriche utili senza esporre dati personali o segreti.

CRITERI DI ACCETTAZIONE
- Le voci non autorizzate non sono mostrate e le route restano protette lato server.
- La navigazione funziona con tastiera e su viewport mobile, tablet e desktop.
- Il pannello globale è distinto visivamente e funzionalmente dalla gestione della singola lega.

TEST MINIMI
- Test unitari delle regole e delle validazioni introdotte.
- Test del flusso UI positivo, vuoto, errore e permessi insufficienti.

DELIVERABLE ATTESI
- Codice applicativo e configurazioni nel modulo coerente con l’architettura approvata.
- Interfaccia web/mobile con stati di caricamento, vuoto, errore e successo.
- Test automatici e breve evidenza di verifica collegabile alla card.

CHIUSURA DEL LAVORO
- Esegui lint, type-check, test pertinenti e build dei moduli toccati usando i comandi ordinari `docker compose`; non usare `make`.
- Riporta file modificati, migrazioni, comandi eseguiti e relativi esiti.
- Spiega le decisioni tecniche non ovvie e gli eventuali rischi residui.
- Se qualcosa non è verificabile nell’ambiente disponibile, dichiaralo chiaramente senza simulare un esito positivo.
- Non creare commit o push se non richiesto espressamente.
",M0.5 — Ready,"M0.5, EPUI, Must, Frontend",,,3
EPUI-04 — Wireframe delle schermate principali,"CODICE: EPUI-04

USER STORY
Come product owner voglio validare struttura e gerarchia dei flussi principali prima che vengano implementati nel dettaglio.

OBIETTIVO E SCOPE
- Produrre wireframe responsive per autenticazione, dashboard lega, configurazione, rosa, formazione, turno, risultati, classifica, asta, mercato e pannello operatore.
- Rappresentare per ogni schermata gli stati loading, vuoto, errore, successo e permessi insufficienti.
- Documentare CTA primaria, informazioni prioritarie e passaggi critici di ciascun flusso.

CRITERI DI ACCETTAZIONE
- Tutti i macroflussi M1–M4 hanno almeno un wireframe di riferimento.
- I wireframe distinguono chiaramente azioni utente, amministratore di lega e operatore globale.
- Le decisioni non ancora approvate sono segnalate e non trasformate in requisiti impliciti.

TEST MINIMI
- Test unitari delle regole e delle validazioni introdotte.
- Test del flusso UI positivo, vuoto, errore e permessi insufficienti.

DELIVERABLE
- Codice applicativo e configurazioni nel modulo coerente con l’architettura approvata.
- Interfaccia web/mobile con stati di caricamento, vuoto, errore e successo.
- Test automatici e breve evidenza di verifica collegabile alla card.

DIPENDENZE
EPUI-01, requisiti funzionali approvati

STIMA INIZIALE
2–4 giorni

PROMPT CURSOR
CONTESTO STANDARD — FANTAPPERÒ
Stai lavorando su FantApperò, una piattaforma fantasy football web con backend Python/FastAPI, frontend React/TypeScript, PostgreSQL, Redis, worker asincroni e integrazione centralizzata con API-Football. L’architettura approvata è un monolite modulare API-first. Gli ambienti locali e i servizi applicativi devono essere gestiti con Docker e Docker Compose.

REGOLE GENERALI OBBLIGATORIE
- Usa l’italiano come lingua predefinita per interfaccia, messaggi utente, dati seed, documentazione funzionale e nuovi contenuti. Predisponi il codice per una futura internazionalizzazione, senza implementare ora lingue aggiuntive se la card non lo richiede.
- Non modificare funzionalità, regole di gioco, API, schema dati, configurazioni o componenti non necessari alla card.
- Non cancellare o rinominare codice, migrazioni, dati, test o funzioni esistenti senza una motivazione tecnica esplicita e verificata.
- Prima di creare qualcosa, controlla cosa esiste già e riusa pattern, moduli e componenti compatibili.
- Mantieni compatibilità con le funzionalità esistenti e non anticipare card o milestone successive.
- Non inserire segreti nel codice, nei log, nei test, nei commit o nella documentazione.
- Non usare Makefile, il comando `make` o wrapper equivalenti. Usa i normali comandi `docker compose` definiti dal progetto.
- Non presupporre servizi installati localmente: esegui backend, worker, database, Redis, migrazioni e test attraverso Docker Compose, salvo attività puramente frontend già previste diversamente dal repository.
- Se manca un servizio o un comando Compose necessario, aggiorna `compose.yaml` e la documentazione in modo minimale e coerente con lo scope.

INCARICO
- Card Trello: EPUI-04 — Wireframe delle schermate principali
- Dipendenze dichiarate: EPUI-01, requisiti funzionali approvati

Prima di modificare il codice:
1. analizza la struttura del progetto aperto e individua tutti i file coinvolti nella card;
2. leggi il README e la documentazione architetturale o tecnica effettivamente presenti e pertinenti;
3. verifica cosa esiste già ed evita implementazioni duplicate;
4. controlla che le dipendenze funzionali dichiarate siano già implementate; se manca una dipendenza bloccante, fermati e descrivi con precisione cosa manca;
5. indicami brevemente il piano che seguirai prima di applicare le modifiche;
6. riusa pattern, servizi e componenti già adottati quando sono compatibili;
7. non introdurre segreti, credenziali, dipendenze non necessarie o modifiche fuori scope.

USER STORY
Come product owner voglio validare struttura e gerarchia dei flussi principali prima che vengano implementati nel dettaglio.

ATTIVITÀ RICHIESTE
- Produrre wireframe responsive per autenticazione, dashboard lega, configurazione, rosa, formazione, turno, risultati, classifica, asta, mercato e pannello operatore.
- Rappresentare per ogni schermata gli stati loading, vuoto, errore, successo e permessi insufficienti.
- Documentare CTA primaria, informazioni prioritarie e passaggi critici di ciascun flusso.

VINCOLI DI IMPLEMENTAZIONE
- Rispetta il monolite modulare API-first, i confini di dominio e il modello dati approvati.
- Le autorizzazioni e le validazioni decisive devono essere applicate lato server.
- Le operazioni che cambiano crediti, rose, mercato, risultati o configurazioni devono essere atomiche e auditabili.
- Mantieni retrocompatibilità con migrazioni e API esistenti; se non è possibile, documenta esplicitamente la decisione.
- Non implementare funzionalità appartenenti a card successive.
- Aggiungi log e metriche utili senza esporre dati personali o segreti.

CRITERI DI ACCETTAZIONE
- Tutti i macroflussi M1–M4 hanno almeno un wireframe di riferimento.
- I wireframe distinguono chiaramente azioni utente, amministratore di lega e operatore globale.
- Le decisioni non ancora approvate sono segnalate e non trasformate in requisiti impliciti.

TEST MINIMI
- Test unitari delle regole e delle validazioni introdotte.
- Test del flusso UI positivo, vuoto, errore e permessi insufficienti.

DELIVERABLE ATTESI
- Codice applicativo e configurazioni nel modulo coerente con l’architettura approvata.
- Interfaccia web/mobile con stati di caricamento, vuoto, errore e successo.
- Test automatici e breve evidenza di verifica collegabile alla card.

CHIUSURA DEL LAVORO
- Esegui lint, type-check, test pertinenti e build dei moduli toccati usando i comandi ordinari `docker compose`; non usare `make`.
- Riporta file modificati, migrazioni, comandi eseguiti e relativi esiti.
- Spiega le decisioni tecniche non ovvie e gli eventuali rischi residui.
- Se qualcosa non è verificabile nell’ambiente disponibile, dichiaralo chiaramente senza simulare un esito positivo.
- Non creare commit o push se non richiesto espressamente.
",M0.5 — Ready,"M0.5, EPUI, Must, Frontend",,,4
EPUI-05 — Shell responsive della web app,"CODICE: EPUI-05

USER STORY
Come team di sviluppo voglio una shell responsive pronta per ospitare progressivamente le feature da M1 a M4.

OBIETTIVO E SCOPE
- Implementare la shell applicativa con route placeholder, layout, navigazione, gestione tema e confini di errore.
- Integrare il design system senza anticipare logica di business delle milestone successive.
- Verificare responsività, accessibilità, stabilità visiva e prestazioni di base.

CRITERI DI ACCETTAZIONE
- La shell è utilizzabile da 360 px fino a desktop senza overflow o contenuti irraggiungibili.
- Route e placeholder mostrano stati coerenti senza simulare dati di produzione.
- Build, lint, type-check, test UI e controllo accessibilità di base risultano superati.

TEST MINIMI
- Test unitari delle regole e delle validazioni introdotte.
- Test del flusso UI positivo, vuoto, errore e permessi insufficienti.
- Test di integrazione e regressione sui casi limite indicati nei criteri di accettazione.

DELIVERABLE
- Codice applicativo e configurazioni nel modulo coerente con l’architettura approvata.
- Interfaccia web/mobile con stati di caricamento, vuoto, errore e successo.
- Test automatici e breve evidenza di verifica collegabile alla card.

DIPENDENZE
EPUI-02, EPUI-03, EPUI-04

STIMA INIZIALE
2–4 giorni

PROMPT CURSOR
CONTESTO STANDARD — FANTAPPERÒ
Stai lavorando su FantApperò, una piattaforma fantasy football web con backend Python/FastAPI, frontend React/TypeScript, PostgreSQL, Redis, worker asincroni e integrazione centralizzata con API-Football. L’architettura approvata è un monolite modulare API-first. Gli ambienti locali e i servizi applicativi devono essere gestiti con Docker e Docker Compose.

REGOLE GENERALI OBBLIGATORIE
- Usa l’italiano come lingua predefinita per interfaccia, messaggi utente, dati seed, documentazione funzionale e nuovi contenuti. Predisponi il codice per una futura internazionalizzazione, senza implementare ora lingue aggiuntive se la card non lo richiede.
- Non modificare funzionalità, regole di gioco, API, schema dati, configurazioni o componenti non necessari alla card.
- Non cancellare o rinominare codice, migrazioni, dati, test o funzioni esistenti senza una motivazione tecnica esplicita e verificata.
- Prima di creare qualcosa, controlla cosa esiste già e riusa pattern, moduli e componenti compatibili.
- Mantieni compatibilità con le funzionalità esistenti e non anticipare card o milestone successive.
- Non inserire segreti nel codice, nei log, nei test, nei commit o nella documentazione.
- Non usare Makefile, il comando `make` o wrapper equivalenti. Usa i normali comandi `docker compose` definiti dal progetto.
- Non presupporre servizi installati localmente: esegui backend, worker, database, Redis, migrazioni e test attraverso Docker Compose, salvo attività puramente frontend già previste diversamente dal repository.
- Se manca un servizio o un comando Compose necessario, aggiorna `compose.yaml` e la documentazione in modo minimale e coerente con lo scope.

INCARICO
- Card Trello: EPUI-05 — Shell responsive della web app
- Dipendenze dichiarate: EPUI-02, EPUI-03, EPUI-04

Prima di modificare il codice:
1. analizza la struttura del progetto aperto e individua tutti i file coinvolti nella card;
2. leggi il README e la documentazione architetturale o tecnica effettivamente presenti e pertinenti;
3. verifica cosa esiste già ed evita implementazioni duplicate;
4. controlla che le dipendenze funzionali dichiarate siano già implementate; se manca una dipendenza bloccante, fermati e descrivi con precisione cosa manca;
5. indicami brevemente il piano che seguirai prima di applicare le modifiche;
6. riusa pattern, servizi e componenti già adottati quando sono compatibili;
7. non introdurre segreti, credenziali, dipendenze non necessarie o modifiche fuori scope.

USER STORY
Come team di sviluppo voglio una shell responsive pronta per ospitare progressivamente le feature da M1 a M4.

ATTIVITÀ RICHIESTE
- Implementare la shell applicativa con route placeholder, layout, navigazione, gestione tema e confini di errore.
- Integrare il design system senza anticipare logica di business delle milestone successive.
- Verificare responsività, accessibilità, stabilità visiva e prestazioni di base.

VINCOLI DI IMPLEMENTAZIONE
- Rispetta il monolite modulare API-first, i confini di dominio e il modello dati approvati.
- Le autorizzazioni e le validazioni decisive devono essere applicate lato server.
- Le operazioni che cambiano crediti, rose, mercato, risultati o configurazioni devono essere atomiche e auditabili.
- Mantieni retrocompatibilità con migrazioni e API esistenti; se non è possibile, documenta esplicitamente la decisione.
- Non implementare funzionalità appartenenti a card successive.
- Aggiungi log e metriche utili senza esporre dati personali o segreti.

CRITERI DI ACCETTAZIONE
- La shell è utilizzabile da 360 px fino a desktop senza overflow o contenuti irraggiungibili.
- Route e placeholder mostrano stati coerenti senza simulare dati di produzione.
- Build, lint, type-check, test UI e controllo accessibilità di base risultano superati.

TEST MINIMI
- Test unitari delle regole e delle validazioni introdotte.
- Test del flusso UI positivo, vuoto, errore e permessi insufficienti.
- Test di integrazione e regressione sui casi limite indicati nei criteri di accettazione.

DELIVERABLE ATTESI
- Codice applicativo e configurazioni nel modulo coerente con l’architettura approvata.
- Interfaccia web/mobile con stati di caricamento, vuoto, errore e successo.
- Test automatici e breve evidenza di verifica collegabile alla card.

CHIUSURA DEL LAVORO
- Esegui lint, type-check, test pertinenti e build dei moduli toccati usando i comandi ordinari `docker compose`; non usare `make`.
- Riporta file modificati, migrazioni, comandi eseguiti e relativi esiti.
- Spiega le decisioni tecniche non ovvie e gli eventuali rischi residui.
- Se qualcosa non è verificabile nell’ambiente disponibile, dichiaralo chiaramente senza simulare un esito positivo.
- Non creare commit o push se non richiesto espressamente.
",M0.5 — Ready,"M0.5, EPUI, Must, Frontend, QA",,,5
"EP02-01 — Registrazione, login e recupero accesso","CODICE: EP02-01

USER STORY
Come utente voglio creare e recuperare il mio account per partecipare alle leghe.

OBIETTIVO E SCOPE
- Implementare email/password e token/sessioni sicure.
- Aggiungere verifica email, logout e reset password.
- Proteggere endpoint e rate-limitare i tentativi.

CRITERI DI ACCETTAZIONE
- Flussi positivi e negativi coperti da test.
- Token revocati non sono riutilizzabili.

TEST MINIMI
- Test unitari delle regole e delle validazioni introdotte.
- Test del flusso UI positivo, vuoto, errore e permessi insufficienti.
- Test di autorizzazione cross-user e cross-league, inclusi casi IDOR.

DELIVERABLE
- Codice applicativo e configurazioni nel modulo coerente con l’architettura approvata.
- API/servizi di dominio, validazioni e documentazione tecnica aggiornata.
- Interfaccia web/mobile con stati di caricamento, vuoto, errore e successo.
- Test automatici e breve evidenza di verifica collegabile alla card.

DIPENDENZE
EP01

STIMA INIZIALE
1,5–3 giorni

PROMPT CURSOR
CONTESTO STANDARD — FANTAPPERÒ
Stai lavorando su FantApperò, una piattaforma fantasy football web con backend Python/FastAPI, frontend React/TypeScript, PostgreSQL, Redis, worker asincroni e integrazione centralizzata con API-Football. L’architettura approvata è un monolite modulare API-first. Gli ambienti locali e i servizi applicativi devono essere gestiti con Docker e Docker Compose.

REGOLE GENERALI OBBLIGATORIE
- Usa l’italiano come lingua predefinita per interfaccia, messaggi utente, dati seed, documentazione funzionale e nuovi contenuti. Predisponi il codice per una futura internazionalizzazione, senza implementare ora lingue aggiuntive se la card non lo richiede.
- Non modificare funzionalità, regole di gioco, API, schema dati, configurazioni o componenti non necessari alla card.
- Non cancellare o rinominare codice, migrazioni, dati, test o funzioni esistenti senza una motivazione tecnica esplicita e verificata.
- Prima di creare qualcosa, controlla cosa esiste già e riusa pattern, moduli e componenti compatibili.
- Mantieni compatibilità con le funzionalità esistenti e non anticipare card o milestone successive.
- Non inserire segreti nel codice, nei log, nei test, nei commit o nella documentazione.
- Non usare Makefile, il comando `make` o wrapper equivalenti. Usa i normali comandi `docker compose` definiti dal progetto.
- Non presupporre servizi installati localmente: esegui backend, worker, database, Redis, migrazioni e test attraverso Docker Compose, salvo attività puramente frontend già previste diversamente dal repository.
- Se manca un servizio o un comando Compose necessario, aggiorna `compose.yaml` e la documentazione in modo minimale e coerente con lo scope.

INCARICO
- Card Trello: EP02-01 — Registrazione, login e recupero accesso
- Dipendenze dichiarate: EP01

Prima di modificare il codice:
1. analizza la struttura del progetto aperto e individua tutti i file coinvolti nella card;
2. leggi il README e la documentazione architetturale o tecnica effettivamente presenti e pertinenti;
3. verifica cosa esiste già ed evita implementazioni duplicate;
4. controlla che le dipendenze funzionali dichiarate siano già implementate; se manca una dipendenza bloccante, fermati e descrivi con precisione cosa manca;
5. indicami brevemente il piano che seguirai prima di applicare le modifiche;
6. riusa pattern, servizi e componenti già adottati quando sono compatibili;
7. non introdurre segreti, credenziali, dipendenze non necessarie o modifiche fuori scope.

USER STORY
Come utente voglio creare e recuperare il mio account per partecipare alle leghe.

ATTIVITÀ RICHIESTE
- Implementare email/password e token/sessioni sicure.
- Aggiungere verifica email, logout e reset password.
- Proteggere endpoint e rate-limitare i tentativi.

VINCOLI DI IMPLEMENTAZIONE
- Rispetta il monolite modulare API-first, i confini di dominio e il modello dati approvati.
- Le autorizzazioni e le validazioni decisive devono essere applicate lato server.
- Le operazioni che cambiano crediti, rose, mercato, risultati o configurazioni devono essere atomiche e auditabili.
- Mantieni retrocompatibilità con migrazioni e API esistenti; se non è possibile, documenta esplicitamente la decisione.
- Non implementare funzionalità appartenenti a card successive.
- Aggiungi log e metriche utili senza esporre dati personali o segreti.

CRITERI DI ACCETTAZIONE
- Flussi positivi e negativi coperti da test.
- Token revocati non sono riutilizzabili.

TEST MINIMI
- Test unitari delle regole e delle validazioni introdotte.
- Test del flusso UI positivo, vuoto, errore e permessi insufficienti.
- Test di autorizzazione cross-user e cross-league, inclusi casi IDOR.

DELIVERABLE ATTESI
- Codice applicativo e configurazioni nel modulo coerente con l’architettura approvata.
- API/servizi di dominio, validazioni e documentazione tecnica aggiornata.
- Interfaccia web/mobile con stati di caricamento, vuoto, errore e successo.
- Test automatici e breve evidenza di verifica collegabile alla card.

CHIUSURA DEL LAVORO
- Esegui lint, type-check, test pertinenti e build dei moduli toccati usando i comandi ordinari `docker compose`; non usare `make`.
- Riporta file modificati, migrazioni, comandi eseguiti e relativi esiti.
- Spiega le decisioni tecniche non ovvie e gli eventuali rischi residui.
- Se qualcosa non è verificabile nell’ambiente disponibile, dichiaralo chiaramente senza simulare un esito positivo.
- Non creare commit o push se non richiesto espressamente.
",M1 — Ready,"M1, EP02, Must, Backend, Frontend",,,6
EP02-02 — Profilo e preferenze,"CODICE: EP02-02

USER STORY
Come utente voglio gestire nome, avatar, lingua, fuso e notifiche.

OBIETTIVO E SCOPE
- Creare API e interfaccia profilo.
- Validare upload avatar e preferenze.
- Registrare consenso e versione policy.

CRITERI DI ACCETTAZIONE
- Modifiche persistono e si riflettono nei client.
- I dati privati non sono esposti ad altri utenti.

TEST MINIMI
- Test unitari delle regole e delle validazioni introdotte.
- Test del flusso UI positivo, vuoto, errore e permessi insufficienti.

DELIVERABLE
- Codice applicativo e configurazioni nel modulo coerente con l’architettura approvata.
- API/servizi di dominio, validazioni e documentazione tecnica aggiornata.
- Interfaccia web/mobile con stati di caricamento, vuoto, errore e successo.
- Test automatici e breve evidenza di verifica collegabile alla card.

DIPENDENZE
EP02-01

STIMA INIZIALE
1,5–3 giorni

PROMPT CURSOR
CONTESTO STANDARD — FANTAPPERÒ
Stai lavorando su FantApperò, una piattaforma fantasy football web con backend Python/FastAPI, frontend React/TypeScript, PostgreSQL, Redis, worker asincroni e integrazione centralizzata con API-Football. L’architettura approvata è un monolite modulare API-first. Gli ambienti locali e i servizi applicativi devono essere gestiti con Docker e Docker Compose.

REGOLE GENERALI OBBLIGATORIE
- Usa l’italiano come lingua predefinita per interfaccia, messaggi utente, dati seed, documentazione funzionale e nuovi contenuti. Predisponi il codice per una futura internazionalizzazione, senza implementare ora lingue aggiuntive se la card non lo richiede.
- Non modificare funzionalità, regole di gioco, API, schema dati, configurazioni o componenti non necessari alla card.
- Non cancellare o rinominare codice, migrazioni, dati, test o funzioni esistenti senza una motivazione tecnica esplicita e verificata.
- Prima di creare qualcosa, controlla cosa esiste già e riusa pattern, moduli e componenti compatibili.
- Mantieni compatibilità con le funzionalità esistenti e non anticipare card o milestone successive.
- Non inserire segreti nel codice, nei log, nei test, nei commit o nella documentazione.
- Non usare Makefile, il comando `make` o wrapper equivalenti. Usa i normali comandi `docker compose` definiti dal progetto.
- Non presupporre servizi installati localmente: esegui backend, worker, database, Redis, migrazioni e test attraverso Docker Compose, salvo attività puramente frontend già previste diversamente dal repository.
- Se manca un servizio o un comando Compose necessario, aggiorna `compose.yaml` e la documentazione in modo minimale e coerente con lo scope.

INCARICO
- Card Trello: EP02-02 — Profilo e preferenze
- Dipendenze dichiarate: EP02-01

Prima di modificare il codice:
1. analizza la struttura del progetto aperto e individua tutti i file coinvolti nella card;
2. leggi il README e la documentazione architetturale o tecnica effettivamente presenti e pertinenti;
3. verifica cosa esiste già ed evita implementazioni duplicate;
4. controlla che le dipendenze funzionali dichiarate siano già implementate; se manca una dipendenza bloccante, fermati e descrivi con precisione cosa manca;
5. indicami brevemente il piano che seguirai prima di applicare le modifiche;
6. riusa pattern, servizi e componenti già adottati quando sono compatibili;
7. non introdurre segreti, credenziali, dipendenze non necessarie o modifiche fuori scope.

USER STORY
Come utente voglio gestire nome, avatar, lingua, fuso e notifiche.

ATTIVITÀ RICHIESTE
- Creare API e interfaccia profilo.
- Validare upload avatar e preferenze.
- Registrare consenso e versione policy.

VINCOLI DI IMPLEMENTAZIONE
- Rispetta il monolite modulare API-first, i confini di dominio e il modello dati approvati.
- Le autorizzazioni e le validazioni decisive devono essere applicate lato server.
- Le operazioni che cambiano crediti, rose, mercato, risultati o configurazioni devono essere atomiche e auditabili.
- Mantieni retrocompatibilità con migrazioni e API esistenti; se non è possibile, documenta esplicitamente la decisione.
- Non implementare funzionalità appartenenti a card successive.
- Aggiungi log e metriche utili senza esporre dati personali o segreti.

CRITERI DI ACCETTAZIONE
- Modifiche persistono e si riflettono nei client.
- I dati privati non sono esposti ad altri utenti.

TEST MINIMI
- Test unitari delle regole e delle validazioni introdotte.
- Test del flusso UI positivo, vuoto, errore e permessi insufficienti.

DELIVERABLE ATTESI
- Codice applicativo e configurazioni nel modulo coerente con l’architettura approvata.
- API/servizi di dominio, validazioni e documentazione tecnica aggiornata.
- Interfaccia web/mobile con stati di caricamento, vuoto, errore e successo.
- Test automatici e breve evidenza di verifica collegabile alla card.

CHIUSURA DEL LAVORO
- Esegui lint, type-check, test pertinenti e build dei moduli toccati usando i comandi ordinari `docker compose`; non usare `make`.
- Riporta file modificati, migrazioni, comandi eseguiti e relativi esiti.
- Spiega le decisioni tecniche non ovvie e gli eventuali rischi residui.
- Se qualcosa non è verificabile nell’ambiente disponibile, dichiaralo chiaramente senza simulare un esito positivo.
- Non creare commit o push se non richiesto espressamente.
",M1 — Ready,"M1, EP02, Must, Backend, Frontend",,,7
EP02-03 — Ruoli applicativi e autorizzazioni,"CODICE: EP02-03

USER STORY
Come sistema voglio distinguere utente, amministratore di lega e operatore piattaforma.

OBIETTIVO E SCOPE
- Implementare policy per risorsa e appartenenza lega.
- Evitare IDOR e accesso tra tenant.
- Aggiungere test di matrice autorizzativa.

CRITERI DI ACCETTAZIONE
- Ogni endpoint sensibile applica una policy.
- Test cross-league falliscono con risposta coerente.

TEST MINIMI
- Test unitari delle regole e delle validazioni introdotte.
- Test di integrazione e regressione sui casi limite indicati nei criteri di accettazione.
- Test di autorizzazione cross-user e cross-league, inclusi casi IDOR.

DELIVERABLE
- Codice applicativo e configurazioni nel modulo coerente con l’architettura approvata.
- API/servizi di dominio, validazioni e documentazione tecnica aggiornata.
- Test automatici e breve evidenza di verifica collegabile alla card.

DIPENDENZE
EP02-01

STIMA INIZIALE
1,5–3 giorni

PROMPT CURSOR
CONTESTO STANDARD — FANTAPPERÒ
Stai lavorando su FantApperò, una piattaforma fantasy football web con backend Python/FastAPI, frontend React/TypeScript, PostgreSQL, Redis, worker asincroni e integrazione centralizzata con API-Football. L’architettura approvata è un monolite modulare API-first. Gli ambienti locali e i servizi applicativi devono essere gestiti con Docker e Docker Compose.

REGOLE GENERALI OBBLIGATORIE
- Usa l’italiano come lingua predefinita per interfaccia, messaggi utente, dati seed, documentazione funzionale e nuovi contenuti. Predisponi il codice per una futura internazionalizzazione, senza implementare ora lingue aggiuntive se la card non lo richiede.
- Non modificare funzionalità, regole di gioco, API, schema dati, configurazioni o componenti non necessari alla card.
- Non cancellare o rinominare codice, migrazioni, dati, test o funzioni esistenti senza una motivazione tecnica esplicita e verificata.
- Prima di creare qualcosa, controlla cosa esiste già e riusa pattern, moduli e componenti compatibili.
- Mantieni compatibilità con le funzionalità esistenti e non anticipare card o milestone successive.
- Non inserire segreti nel codice, nei log, nei test, nei commit o nella documentazione.
- Non usare Makefile, il comando `make` o wrapper equivalenti. Usa i normali comandi `docker compose` definiti dal progetto.
- Non presupporre servizi installati localmente: esegui backend, worker, database, Redis, migrazioni e test attraverso Docker Compose, salvo attività puramente frontend già previste diversamente dal repository.
- Se manca un servizio o un comando Compose necessario, aggiorna `compose.yaml` e la documentazione in modo minimale e coerente con lo scope.

INCARICO
- Card Trello: EP02-03 — Ruoli applicativi e autorizzazioni
- Dipendenze dichiarate: EP02-01

Prima di modificare il codice:
1. analizza la struttura del progetto aperto e individua tutti i file coinvolti nella card;
2. leggi il README e la documentazione architetturale o tecnica effettivamente presenti e pertinenti;
3. verifica cosa esiste già ed evita implementazioni duplicate;
4. controlla che le dipendenze funzionali dichiarate siano già implementate; se manca una dipendenza bloccante, fermati e descrivi con precisione cosa manca;
5. indicami brevemente il piano che seguirai prima di applicare le modifiche;
6. riusa pattern, servizi e componenti già adottati quando sono compatibili;
7. non introdurre segreti, credenziali, dipendenze non necessarie o modifiche fuori scope.

USER STORY
Come sistema voglio distinguere utente, amministratore di lega e operatore piattaforma.

ATTIVITÀ RICHIESTE
- Implementare policy per risorsa e appartenenza lega.
- Evitare IDOR e accesso tra tenant.
- Aggiungere test di matrice autorizzativa.

VINCOLI DI IMPLEMENTAZIONE
- Rispetta il monolite modulare API-first, i confini di dominio e il modello dati approvati.
- Le autorizzazioni e le validazioni decisive devono essere applicate lato server.
- Le operazioni che cambiano crediti, rose, mercato, risultati o configurazioni devono essere atomiche e auditabili.
- Mantieni retrocompatibilità con migrazioni e API esistenti; se non è possibile, documenta esplicitamente la decisione.
- Non implementare funzionalità appartenenti a card successive.
- Aggiungi log e metriche utili senza esporre dati personali o segreti.

CRITERI DI ACCETTAZIONE
- Ogni endpoint sensibile applica una policy.
- Test cross-league falliscono con risposta coerente.

TEST MINIMI
- Test unitari delle regole e delle validazioni introdotte.
- Test di integrazione e regressione sui casi limite indicati nei criteri di accettazione.
- Test di autorizzazione cross-user e cross-league, inclusi casi IDOR.

DELIVERABLE ATTESI
- Codice applicativo e configurazioni nel modulo coerente con l’architettura approvata.
- API/servizi di dominio, validazioni e documentazione tecnica aggiornata.
- Test automatici e breve evidenza di verifica collegabile alla card.

CHIUSURA DEL LAVORO
- Esegui lint, type-check, test pertinenti e build dei moduli toccati usando i comandi ordinari `docker compose`; non usare `make`.
- Riporta file modificati, migrazioni, comandi eseguiti e relativi esiti.
- Spiega le decisioni tecniche non ovvie e gli eventuali rischi residui.
- Se qualcosa non è verificabile nell’ambiente disponibile, dichiaralo chiaramente senza simulare un esito positivo.
- Non creare commit o push se non richiesto espressamente.
",M1 — Ready,"M1, EP02, Must, Backend, QA",,,8
EP02-04 — Eliminazione ed esportazione account,"CODICE: EP02-04

USER STORY
Come utente voglio esercitare i diritti sui miei dati senza corrompere gli storici di lega.

OBIETTIVO E SCOPE
- Definire anonimizzazione dei record competitivi.
- Implementare export dati e richiesta cancellazione.
- Auditare l’operazione.

CRITERI DI ACCETTAZIONE
- Export completo e leggibile.
- Cancellazione preserva integrità sportiva e rimuove dati personali non necessari.

TEST MINIMI
- Test unitari delle regole e delle validazioni introdotte.
- Test del flusso UI positivo, vuoto, errore e permessi insufficienti.
- Test di autorizzazione cross-user e cross-league, inclusi casi IDOR.

DELIVERABLE
- Codice applicativo e configurazioni nel modulo coerente con l’architettura approvata.
- API/servizi di dominio, validazioni e documentazione tecnica aggiornata.
- Interfaccia web/mobile con stati di caricamento, vuoto, errore e successo.
- Test automatici e breve evidenza di verifica collegabile alla card.

DIPENDENZE
EP02-02, EP11-03

STIMA INIZIALE
1,5–3 giorni

PROMPT CURSOR
CONTESTO STANDARD — FANTAPPERÒ
Stai lavorando su FantApperò, una piattaforma fantasy football web con backend Python/FastAPI, frontend React/TypeScript, PostgreSQL, Redis, worker asincroni e integrazione centralizzata con API-Football. L’architettura approvata è un monolite modulare API-first. Gli ambienti locali e i servizi applicativi devono essere gestiti con Docker e Docker Compose.

REGOLE GENERALI OBBLIGATORIE
- Usa l’italiano come lingua predefinita per interfaccia, messaggi utente, dati seed, documentazione funzionale e nuovi contenuti. Predisponi il codice per una futura internazionalizzazione, senza implementare ora lingue aggiuntive se la card non lo richiede.
- Non modificare funzionalità, regole di gioco, API, schema dati, configurazioni o componenti non necessari alla card.
- Non cancellare o rinominare codice, migrazioni, dati, test o funzioni esistenti senza una motivazione tecnica esplicita e verificata.
- Prima di creare qualcosa, controlla cosa esiste già e riusa pattern, moduli e componenti compatibili.
- Mantieni compatibilità con le funzionalità esistenti e non anticipare card o milestone successive.
- Non inserire segreti nel codice, nei log, nei test, nei commit o nella documentazione.
- Non usare Makefile, il comando `make` o wrapper equivalenti. Usa i normali comandi `docker compose` definiti dal progetto.
- Non presupporre servizi installati localmente: esegui backend, worker, database, Redis, migrazioni e test attraverso Docker Compose, salvo attività puramente frontend già previste diversamente dal repository.
- Se manca un servizio o un comando Compose necessario, aggiorna `compose.yaml` e la documentazione in modo minimale e coerente con lo scope.

INCARICO
- Card Trello: EP02-04 — Eliminazione ed esportazione account
- Dipendenze dichiarate: EP02-02, EP11-03

Prima di modificare il codice:
1. analizza la struttura del progetto aperto e individua tutti i file coinvolti nella card;
2. leggi il README e la documentazione architetturale o tecnica effettivamente presenti e pertinenti;
3. verifica cosa esiste già ed evita implementazioni duplicate;
4. controlla che le dipendenze funzionali dichiarate siano già implementate; se manca una dipendenza bloccante, fermati e descrivi con precisione cosa manca;
5. indicami brevemente il piano che seguirai prima di applicare le modifiche;
6. riusa pattern, servizi e componenti già adottati quando sono compatibili;
7. non introdurre segreti, credenziali, dipendenze non necessarie o modifiche fuori scope.

USER STORY
Come utente voglio esercitare i diritti sui miei dati senza corrompere gli storici di lega.

ATTIVITÀ RICHIESTE
- Definire anonimizzazione dei record competitivi.
- Implementare export dati e richiesta cancellazione.
- Auditare l’operazione.

VINCOLI DI IMPLEMENTAZIONE
- Rispetta il monolite modulare API-first, i confini di dominio e il modello dati approvati.
- Le autorizzazioni e le validazioni decisive devono essere applicate lato server.
- Le operazioni che cambiano crediti, rose, mercato, risultati o configurazioni devono essere atomiche e auditabili.
- Mantieni retrocompatibilità con migrazioni e API esistenti; se non è possibile, documenta esplicitamente la decisione.
- Non implementare funzionalità appartenenti a card successive.
- Aggiungi log e metriche utili senza esporre dati personali o segreti.

CRITERI DI ACCETTAZIONE
- Export completo e leggibile.
- Cancellazione preserva integrità sportiva e rimuove dati personali non necessari.

TEST MINIMI
- Test unitari delle regole e delle validazioni introdotte.
- Test del flusso UI positivo, vuoto, errore e permessi insufficienti.
- Test di autorizzazione cross-user e cross-league, inclusi casi IDOR.

DELIVERABLE ATTESI
- Codice applicativo e configurazioni nel modulo coerente con l’architettura approvata.
- API/servizi di dominio, validazioni e documentazione tecnica aggiornata.
- Interfaccia web/mobile con stati di caricamento, vuoto, errore e successo.
- Test automatici e breve evidenza di verifica collegabile alla card.

CHIUSURA DEL LAVORO
- Esegui lint, type-check, test pertinenti e build dei moduli toccati usando i comandi ordinari `docker compose`; non usare `make`.
- Riporta file modificati, migrazioni, comandi eseguiti e relativi esiti.
- Spiega le decisioni tecniche non ovvie e gli eventuali rischi residui.
- Se qualcosa non è verificabile nell’ambiente disponibile, dichiaralo chiaramente senza simulare un esito positivo.
- Non creare commit o push se non richiesto espressamente.
",M1 — Ready,"M1, EP02, Should, Backend, Frontend",,,9
EP03-01 — Creazione lega,"CODICE: EP03-01

USER STORY
Come amministratore voglio configurare una lega coerente prima dell’avvio.

OBIETTIVO E SCOPE
- Creare lega privata, nome, stagione e campionati (minimo 3).
- Implementare API, validazioni, interfaccia e audit dell’azione.

CRITERI DI ACCETTAZIONE
- Lega salvata in stato bozza con creatore amministratore.
- Test di dominio e interfaccia superati.

TEST MINIMI
- Test unitari delle regole e delle validazioni introdotte.
- Test del flusso UI positivo, vuoto, errore e permessi insufficienti.
- Test di migrazione, vincoli, transazioni e idempotenza dove applicabile.

DELIVERABLE
- Codice applicativo e configurazioni nel modulo coerente con l’architettura approvata.
- API/servizi di dominio, validazioni e documentazione tecnica aggiornata.
- Interfaccia web/mobile con stati di caricamento, vuoto, errore e successo.
- Migrazione database e aggiornamento del modello dati.
- Test automatici e breve evidenza di verifica collegabile alla card.

DIPENDENZE
EP02-03, EP01-06

STIMA INIZIALE
2–4 giorni

PROMPT CURSOR
CONTESTO STANDARD — FANTAPPERÒ
Stai lavorando su FantApperò, una piattaforma fantasy football web con backend Python/FastAPI, frontend React/TypeScript, PostgreSQL, Redis, worker asincroni e integrazione centralizzata con API-Football. L’architettura approvata è un monolite modulare API-first. Gli ambienti locali e i servizi applicativi devono essere gestiti con Docker e Docker Compose.

REGOLE GENERALI OBBLIGATORIE
- Usa l’italiano come lingua predefinita per interfaccia, messaggi utente, dati seed, documentazione funzionale e nuovi contenuti. Predisponi il codice per una futura internazionalizzazione, senza implementare ora lingue aggiuntive se la card non lo richiede.
- Non modificare funzionalità, regole di gioco, API, schema dati, configurazioni o componenti non necessari alla card.
- Non cancellare o rinominare codice, migrazioni, dati, test o funzioni esistenti senza una motivazione tecnica esplicita e verificata.
- Prima di creare qualcosa, controlla cosa esiste già e riusa pattern, moduli e componenti compatibili.
- Mantieni compatibilità con le funzionalità esistenti e non anticipare card o milestone successive.
- Non inserire segreti nel codice, nei log, nei test, nei commit o nella documentazione.
- Non usare Makefile, il comando `make` o wrapper equivalenti. Usa i normali comandi `docker compose` definiti dal progetto.
- Non presupporre servizi installati localmente: esegui backend, worker, database, Redis, migrazioni e test attraverso Docker Compose, salvo attività puramente frontend già previste diversamente dal repository.
- Se manca un servizio o un comando Compose necessario, aggiorna `compose.yaml` e la documentazione in modo minimale e coerente con lo scope.

INCARICO
- Card Trello: EP03-01 — Creazione lega
- Dipendenze dichiarate: EP02-03, EP01-06

Prima di modificare il codice:
1. analizza la struttura del progetto aperto e individua tutti i file coinvolti nella card;
2. leggi il README e la documentazione architetturale o tecnica effettivamente presenti e pertinenti;
3. verifica cosa esiste già ed evita implementazioni duplicate;
4. controlla che le dipendenze funzionali dichiarate siano già implementate; se manca una dipendenza bloccante, fermati e descrivi con precisione cosa manca;
5. indicami brevemente il piano che seguirai prima di applicare le modifiche;
6. riusa pattern, servizi e componenti già adottati quando sono compatibili;
7. non introdurre segreti, credenziali, dipendenze non necessarie o modifiche fuori scope.

USER STORY
Come amministratore voglio configurare una lega coerente prima dell’avvio.

ATTIVITÀ RICHIESTE
- Creare lega privata, nome, stagione e campionati (minimo 3).
- Implementare API, validazioni, interfaccia e audit dell’azione.

VINCOLI DI IMPLEMENTAZIONE
- Rispetta il monolite modulare API-first, i confini di dominio e il modello dati approvati.
- Le autorizzazioni e le validazioni decisive devono essere applicate lato server.
- Le operazioni che cambiano crediti, rose, mercato, risultati o configurazioni devono essere atomiche e auditabili.
- Mantieni retrocompatibilità con migrazioni e API esistenti; se non è possibile, documenta esplicitamente la decisione.
- Non implementare funzionalità appartenenti a card successive.
- Aggiungi log e metriche utili senza esporre dati personali o segreti.

CRITERI DI ACCETTAZIONE
- Lega salvata in stato bozza con creatore amministratore.
- Test di dominio e interfaccia superati.

TEST MINIMI
- Test unitari delle regole e delle validazioni introdotte.
- Test del flusso UI positivo, vuoto, errore e permessi insufficienti.
- Test di migrazione, vincoli, transazioni e idempotenza dove applicabile.

DELIVERABLE ATTESI
- Codice applicativo e configurazioni nel modulo coerente con l’architettura approvata.
- API/servizi di dominio, validazioni e documentazione tecnica aggiornata.
- Interfaccia web/mobile con stati di caricamento, vuoto, errore e successo.
- Migrazione database e aggiornamento del modello dati.
- Test automatici e breve evidenza di verifica collegabile alla card.

CHIUSURA DEL LAVORO
- Esegui lint, type-check, test pertinenti e build dei moduli toccati usando i comandi ordinari `docker compose`; non usare `make`.
- Riporta file modificati, migrazioni, comandi eseguiti e relativi esiti.
- Spiega le decisioni tecniche non ovvie e gli eventuali rischi residui.
- Se qualcosa non è verificabile nell’ambiente disponibile, dichiaralo chiaramente senza simulare un esito positivo.
- Non creare commit o push se non richiesto espressamente.
",M1 — Ready,"M1, EP03, Must, Backend, Frontend, Database",,,10
EP03-02 — Configurazione regolamento,"CODICE: EP03-02

USER STORY
Come amministratore voglio configurare una lega coerente prima dell’avvio.

OBIETTIVO E SCOPE
- Gestire partecipanti 4–10, rosa 35, 3P–11D–11C–10A, crediti e opzioni.
- Implementare API, validazioni, interfaccia e audit dell’azione.

CRITERI DI ACCETTAZIONE
- Preset Standard applicato; configurazioni invalide bloccate.
- Test di dominio e interfaccia superati.

TEST MINIMI
- Test unitari delle regole e delle validazioni introdotte.
- Test del flusso UI positivo, vuoto, errore e permessi insufficienti.
- Test di migrazione, vincoli, transazioni e idempotenza dove applicabile.

DELIVERABLE
- Codice applicativo e configurazioni nel modulo coerente con l’architettura approvata.
- API/servizi di dominio, validazioni e documentazione tecnica aggiornata.
- Interfaccia web/mobile con stati di caricamento, vuoto, errore e successo.
- Migrazione database e aggiornamento del modello dati.
- Test automatici e breve evidenza di verifica collegabile alla card.

DIPENDENZE
EP02-03, EP01-06

STIMA INIZIALE
2–4 giorni

PROMPT CURSOR
CONTESTO STANDARD — FANTAPPERÒ
Stai lavorando su FantApperò, una piattaforma fantasy football web con backend Python/FastAPI, frontend React/TypeScript, PostgreSQL, Redis, worker asincroni e integrazione centralizzata con API-Football. L’architettura approvata è un monolite modulare API-first. Gli ambienti locali e i servizi applicativi devono essere gestiti con Docker e Docker Compose.

REGOLE GENERALI OBBLIGATORIE
- Usa l’italiano come lingua predefinita per interfaccia, messaggi utente, dati seed, documentazione funzionale e nuovi contenuti. Predisponi il codice per una futura internazionalizzazione, senza implementare ora lingue aggiuntive se la card non lo richiede.
- Non modificare funzionalità, regole di gioco, API, schema dati, configurazioni o componenti non necessari alla card.
- Non cancellare o rinominare codice, migrazioni, dati, test o funzioni esistenti senza una motivazione tecnica esplicita e verificata.
- Prima di creare qualcosa, controlla cosa esiste già e riusa pattern, moduli e componenti compatibili.
- Mantieni compatibilità con le funzionalità esistenti e non anticipare card o milestone successive.
- Non inserire segreti nel codice, nei log, nei test, nei commit o nella documentazione.
- Non usare Makefile, il comando `make` o wrapper equivalenti. Usa i normali comandi `docker compose` definiti dal progetto.
- Non presupporre servizi installati localmente: esegui backend, worker, database, Redis, migrazioni e test attraverso Docker Compose, salvo attività puramente frontend già previste diversamente dal repository.
- Se manca un servizio o un comando Compose necessario, aggiorna `compose.yaml` e la documentazione in modo minimale e coerente con lo scope.

INCARICO
- Card Trello: EP03-02 — Configurazione regolamento
- Dipendenze dichiarate: EP02-03, EP01-06

Prima di modificare il codice:
1. analizza la struttura del progetto aperto e individua tutti i file coinvolti nella card;
2. leggi il README e la documentazione architetturale o tecnica effettivamente presenti e pertinenti;
3. verifica cosa esiste già ed evita implementazioni duplicate;
4. controlla che le dipendenze funzionali dichiarate siano già implementate; se manca una dipendenza bloccante, fermati e descrivi con precisione cosa manca;
5. indicami brevemente il piano che seguirai prima di applicare le modifiche;
6. riusa pattern, servizi e componenti già adottati quando sono compatibili;
7. non introdurre segreti, credenziali, dipendenze non necessarie o modifiche fuori scope.

USER STORY
Come amministratore voglio configurare una lega coerente prima dell’avvio.

ATTIVITÀ RICHIESTE
- Gestire partecipanti 4–10, rosa 35, 3P–11D–11C–10A, crediti e opzioni.
- Implementare API, validazioni, interfaccia e audit dell’azione.

VINCOLI DI IMPLEMENTAZIONE
- Rispetta il monolite modulare API-first, i confini di dominio e il modello dati approvati.
- Le autorizzazioni e le validazioni decisive devono essere applicate lato server.
- Le operazioni che cambiano crediti, rose, mercato, risultati o configurazioni devono essere atomiche e auditabili.
- Mantieni retrocompatibilità con migrazioni e API esistenti; se non è possibile, documenta esplicitamente la decisione.
- Non implementare funzionalità appartenenti a card successive.
- Aggiungi log e metriche utili senza esporre dati personali o segreti.

CRITERI DI ACCETTAZIONE
- Preset Standard applicato; configurazioni invalide bloccate.
- Test di dominio e interfaccia superati.

TEST MINIMI
- Test unitari delle regole e delle validazioni introdotte.
- Test del flusso UI positivo, vuoto, errore e permessi insufficienti.
- Test di migrazione, vincoli, transazioni e idempotenza dove applicabile.

DELIVERABLE ATTESI
- Codice applicativo e configurazioni nel modulo coerente con l’architettura approvata.
- API/servizi di dominio, validazioni e documentazione tecnica aggiornata.
- Interfaccia web/mobile con stati di caricamento, vuoto, errore e successo.
- Migrazione database e aggiornamento del modello dati.
- Test automatici e breve evidenza di verifica collegabile alla card.

CHIUSURA DEL LAVORO
- Esegui lint, type-check, test pertinenti e build dei moduli toccati usando i comandi ordinari `docker compose`; non usare `make`.
- Riporta file modificati, migrazioni, comandi eseguiti e relativi esiti.
- Spiega le decisioni tecniche non ovvie e gli eventuali rischi residui.
- Se qualcosa non è verificabile nell’ambiente disponibile, dichiaralo chiaramente senza simulare un esito positivo.
- Non creare commit o push se non richiesto espressamente.
",M1 — Ready,"M1, EP03, Must, Backend, Frontend, Database",,,11
EP03-03 — Inviti e ingresso,"CODICE: EP03-03

USER STORY
Come amministratore voglio configurare una lega coerente prima dell’avvio.

OBIETTIVO E SCOPE
- Generare link/codice con scadenza, accettazione e revoca.
- Implementare API, validazioni, interfaccia e audit dell’azione.

CRITERI DI ACCETTAZIONE
- Solo invitati validi entrano; capienza e duplicati gestiti.
- Test di dominio e interfaccia superati.

TEST MINIMI
- Test unitari delle regole e delle validazioni introdotte.
- Test del flusso UI positivo, vuoto, errore e permessi insufficienti.
- Test di migrazione, vincoli, transazioni e idempotenza dove applicabile.

DELIVERABLE
- Codice applicativo e configurazioni nel modulo coerente con l’architettura approvata.
- API/servizi di dominio, validazioni e documentazione tecnica aggiornata.
- Interfaccia web/mobile con stati di caricamento, vuoto, errore e successo.
- Migrazione database e aggiornamento del modello dati.
- Test automatici e breve evidenza di verifica collegabile alla card.

DIPENDENZE
EP02-03, EP01-06

STIMA INIZIALE
2–4 giorni

PROMPT CURSOR
CONTESTO STANDARD — FANTAPPERÒ
Stai lavorando su FantApperò, una piattaforma fantasy football web con backend Python/FastAPI, frontend React/TypeScript, PostgreSQL, Redis, worker asincroni e integrazione centralizzata con API-Football. L’architettura approvata è un monolite modulare API-first. Gli ambienti locali e i servizi applicativi devono essere gestiti con Docker e Docker Compose.

REGOLE GENERALI OBBLIGATORIE
- Usa l’italiano come lingua predefinita per interfaccia, messaggi utente, dati seed, documentazione funzionale e nuovi contenuti. Predisponi il codice per una futura internazionalizzazione, senza implementare ora lingue aggiuntive se la card non lo richiede.
- Non modificare funzionalità, regole di gioco, API, schema dati, configurazioni o componenti non necessari alla card.
- Non cancellare o rinominare codice, migrazioni, dati, test o funzioni esistenti senza una motivazione tecnica esplicita e verificata.
- Prima di creare qualcosa, controlla cosa esiste già e riusa pattern, moduli e componenti compatibili.
- Mantieni compatibilità con le funzionalità esistenti e non anticipare card o milestone successive.
- Non inserire segreti nel codice, nei log, nei test, nei commit o nella documentazione.
- Non usare Makefile, il comando `make` o wrapper equivalenti. Usa i normali comandi `docker compose` definiti dal progetto.
- Non presupporre servizi installati localmente: esegui backend, worker, database, Redis, migrazioni e test attraverso Docker Compose, salvo attività puramente frontend già previste diversamente dal repository.
- Se manca un servizio o un comando Compose necessario, aggiorna `compose.yaml` e la documentazione in modo minimale e coerente con lo scope.

INCARICO
- Card Trello: EP03-03 — Inviti e ingresso
- Dipendenze dichiarate: EP02-03, EP01-06

Prima di modificare il codice:
1. analizza la struttura del progetto aperto e individua tutti i file coinvolti nella card;
2. leggi il README e la documentazione architetturale o tecnica effettivamente presenti e pertinenti;
3. verifica cosa esiste già ed evita implementazioni duplicate;
4. controlla che le dipendenze funzionali dichiarate siano già implementate; se manca una dipendenza bloccante, fermati e descrivi con precisione cosa manca;
5. indicami brevemente il piano che seguirai prima di applicare le modifiche;
6. riusa pattern, servizi e componenti già adottati quando sono compatibili;
7. non introdurre segreti, credenziali, dipendenze non necessarie o modifiche fuori scope.

USER STORY
Come amministratore voglio configurare una lega coerente prima dell’avvio.

ATTIVITÀ RICHIESTE
- Generare link/codice con scadenza, accettazione e revoca.
- Implementare API, validazioni, interfaccia e audit dell’azione.

VINCOLI DI IMPLEMENTAZIONE
- Rispetta il monolite modulare API-first, i confini di dominio e il modello dati approvati.
- Le autorizzazioni e le validazioni decisive devono essere applicate lato server.
- Le operazioni che cambiano crediti, rose, mercato, risultati o configurazioni devono essere atomiche e auditabili.
- Mantieni retrocompatibilità con migrazioni e API esistenti; se non è possibile, documenta esplicitamente la decisione.
- Non implementare funzionalità appartenenti a card successive.
- Aggiungi log e metriche utili senza esporre dati personali o segreti.

CRITERI DI ACCETTAZIONE
- Solo invitati validi entrano; capienza e duplicati gestiti.
- Test di dominio e interfaccia superati.

TEST MINIMI
- Test unitari delle regole e delle validazioni introdotte.
- Test del flusso UI positivo, vuoto, errore e permessi insufficienti.
- Test di migrazione, vincoli, transazioni e idempotenza dove applicabile.

DELIVERABLE ATTESI
- Codice applicativo e configurazioni nel modulo coerente con l’architettura approvata.
- API/servizi di dominio, validazioni e documentazione tecnica aggiornata.
- Interfaccia web/mobile con stati di caricamento, vuoto, errore e successo.
- Migrazione database e aggiornamento del modello dati.
- Test automatici e breve evidenza di verifica collegabile alla card.

CHIUSURA DEL LAVORO
- Esegui lint, type-check, test pertinenti e build dei moduli toccati usando i comandi ordinari `docker compose`; non usare `make`.
- Riporta file modificati, migrazioni, comandi eseguiti e relativi esiti.
- Spiega le decisioni tecniche non ovvie e gli eventuali rischi residui.
- Se qualcosa non è verificabile nell’ambiente disponibile, dichiaralo chiaramente senza simulare un esito positivo.
- Non creare commit o push se non richiesto espressamente.
",M1 — Ready,"M1, EP03, Must, Backend, Frontend, Database",,,12
EP03-04 — Gestione partecipanti,"CODICE: EP03-04

USER STORY
Come amministratore voglio configurare una lega coerente prima dell’avvio.

OBIETTIVO E SCOPE
- Mostrare membri, trasferire ruolo admin e rimuovere prima dell’avvio.
- Implementare API, validazioni, interfaccia e audit dell’azione.

CRITERI DI ACCETTAZIONE
- Non è possibile lasciare una lega senza amministratore.
- Test di dominio e interfaccia superati.

TEST MINIMI
- Test unitari delle regole e delle validazioni introdotte.
- Test del flusso UI positivo, vuoto, errore e permessi insufficienti.
- Test di migrazione, vincoli, transazioni e idempotenza dove applicabile.

DELIVERABLE
- Codice applicativo e configurazioni nel modulo coerente con l’architettura approvata.
- API/servizi di dominio, validazioni e documentazione tecnica aggiornata.
- Interfaccia web/mobile con stati di caricamento, vuoto, errore e successo.
- Migrazione database e aggiornamento del modello dati.
- Test automatici e breve evidenza di verifica collegabile alla card.

DIPENDENZE
EP02-03, EP01-06

STIMA INIZIALE
2–4 giorni

PROMPT CURSOR
CONTESTO STANDARD — FANTAPPERÒ
Stai lavorando su FantApperò, una piattaforma fantasy football web con backend Python/FastAPI, frontend React/TypeScript, PostgreSQL, Redis, worker asincroni e integrazione centralizzata con API-Football. L’architettura approvata è un monolite modulare API-first. Gli ambienti locali e i servizi applicativi devono essere gestiti con Docker e Docker Compose.

REGOLE GENERALI OBBLIGATORIE
- Usa l’italiano come lingua predefinita per interfaccia, messaggi utente, dati seed, documentazione funzionale e nuovi contenuti. Predisponi il codice per una futura internazionalizzazione, senza implementare ora lingue aggiuntive se la card non lo richiede.
- Non modificare funzionalità, regole di gioco, API, schema dati, configurazioni o componenti non necessari alla card.
- Non cancellare o rinominare codice, migrazioni, dati, test o funzioni esistenti senza una motivazione tecnica esplicita e verificata.
- Prima di creare qualcosa, controlla cosa esiste già e riusa pattern, moduli e componenti compatibili.
- Mantieni compatibilità con le funzionalità esistenti e non anticipare card o milestone successive.
- Non inserire segreti nel codice, nei log, nei test, nei commit o nella documentazione.
- Non usare Makefile, il comando `make` o wrapper equivalenti. Usa i normali comandi `docker compose` definiti dal progetto.
- Non presupporre servizi installati localmente: esegui backend, worker, database, Redis, migrazioni e test attraverso Docker Compose, salvo attività puramente frontend già previste diversamente dal repository.
- Se manca un servizio o un comando Compose necessario, aggiorna `compose.yaml` e la documentazione in modo minimale e coerente con lo scope.

INCARICO
- Card Trello: EP03-04 — Gestione partecipanti
- Dipendenze dichiarate: EP02-03, EP01-06

Prima di modificare il codice:
1. analizza la struttura del progetto aperto e individua tutti i file coinvolti nella card;
2. leggi il README e la documentazione architetturale o tecnica effettivamente presenti e pertinenti;
3. verifica cosa esiste già ed evita implementazioni duplicate;
4. controlla che le dipendenze funzionali dichiarate siano già implementate; se manca una dipendenza bloccante, fermati e descrivi con precisione cosa manca;
5. indicami brevemente il piano che seguirai prima di applicare le modifiche;
6. riusa pattern, servizi e componenti già adottati quando sono compatibili;
7. non introdurre segreti, credenziali, dipendenze non necessarie o modifiche fuori scope.

USER STORY
Come amministratore voglio configurare una lega coerente prima dell’avvio.

ATTIVITÀ RICHIESTE
- Mostrare membri, trasferire ruolo admin e rimuovere prima dell’avvio.
- Implementare API, validazioni, interfaccia e audit dell’azione.

VINCOLI DI IMPLEMENTAZIONE
- Rispetta il monolite modulare API-first, i confini di dominio e il modello dati approvati.
- Le autorizzazioni e le validazioni decisive devono essere applicate lato server.
- Le operazioni che cambiano crediti, rose, mercato, risultati o configurazioni devono essere atomiche e auditabili.
- Mantieni retrocompatibilità con migrazioni e API esistenti; se non è possibile, documenta esplicitamente la decisione.
- Non implementare funzionalità appartenenti a card successive.
- Aggiungi log e metriche utili senza esporre dati personali o segreti.

CRITERI DI ACCETTAZIONE
- Non è possibile lasciare una lega senza amministratore.
- Test di dominio e interfaccia superati.

TEST MINIMI
- Test unitari delle regole e delle validazioni introdotte.
- Test del flusso UI positivo, vuoto, errore e permessi insufficienti.
- Test di migrazione, vincoli, transazioni e idempotenza dove applicabile.

DELIVERABLE ATTESI
- Codice applicativo e configurazioni nel modulo coerente con l’architettura approvata.
- API/servizi di dominio, validazioni e documentazione tecnica aggiornata.
- Interfaccia web/mobile con stati di caricamento, vuoto, errore e successo.
- Migrazione database e aggiornamento del modello dati.
- Test automatici e breve evidenza di verifica collegabile alla card.

CHIUSURA DEL LAVORO
- Esegui lint, type-check, test pertinenti e build dei moduli toccati usando i comandi ordinari `docker compose`; non usare `make`.
- Riporta file modificati, migrazioni, comandi eseguiti e relativi esiti.
- Spiega le decisioni tecniche non ovvie e gli eventuali rischi residui.
- Se qualcosa non è verificabile nell’ambiente disponibile, dichiaralo chiaramente senza simulare un esito positivo.
- Non creare commit o push se non richiesto espressamente.
",M1 — Ready,"M1, EP03, Must, Backend, Frontend, Database",,,13
EP03-05 — Stati e avvio stagione,"CODICE: EP03-05

USER STORY
Come amministratore voglio configurare una lega coerente prima dell’avvio.

OBIETTIVO E SCOPE
- Gestire bozza, configurazione, asta, attiva, conclusa e archiviata.
- Implementare API, validazioni, interfaccia e audit dell’azione.

CRITERI DI ACCETTAZIONE
- Transizioni validate; avvio bloccato se prerequisiti non soddisfatti.
- Test di dominio e interfaccia superati.

TEST MINIMI
- Test unitari delle regole e delle validazioni introdotte.
- Test del flusso UI positivo, vuoto, errore e permessi insufficienti.
- Test di migrazione, vincoli, transazioni e idempotenza dove applicabile.

DELIVERABLE
- Codice applicativo e configurazioni nel modulo coerente con l’architettura approvata.
- API/servizi di dominio, validazioni e documentazione tecnica aggiornata.
- Interfaccia web/mobile con stati di caricamento, vuoto, errore e successo.
- Migrazione database e aggiornamento del modello dati.
- Test automatici e breve evidenza di verifica collegabile alla card.

DIPENDENZE
EP02-03, EP01-06

STIMA INIZIALE
2–4 giorni

PROMPT CURSOR
CONTESTO STANDARD — FANTAPPERÒ
Stai lavorando su FantApperò, una piattaforma fantasy football web con backend Python/FastAPI, frontend React/TypeScript, PostgreSQL, Redis, worker asincroni e integrazione centralizzata con API-Football. L’architettura approvata è un monolite modulare API-first. Gli ambienti locali e i servizi applicativi devono essere gestiti con Docker e Docker Compose.

REGOLE GENERALI OBBLIGATORIE
- Usa l’italiano come lingua predefinita per interfaccia, messaggi utente, dati seed, documentazione funzionale e nuovi contenuti. Predisponi il codice per una futura internazionalizzazione, senza implementare ora lingue aggiuntive se la card non lo richiede.
- Non modificare funzionalità, regole di gioco, API, schema dati, configurazioni o componenti non necessari alla card.
- Non cancellare o rinominare codice, migrazioni, dati, test o funzioni esistenti senza una motivazione tecnica esplicita e verificata.
- Prima di creare qualcosa, controlla cosa esiste già e riusa pattern, moduli e componenti compatibili.
- Mantieni compatibilità con le funzionalità esistenti e non anticipare card o milestone successive.
- Non inserire segreti nel codice, nei log, nei test, nei commit o nella documentazione.
- Non usare Makefile, il comando `make` o wrapper equivalenti. Usa i normali comandi `docker compose` definiti dal progetto.
- Non presupporre servizi installati localmente: esegui backend, worker, database, Redis, migrazioni e test attraverso Docker Compose, salvo attività puramente frontend già previste diversamente dal repository.
- Se manca un servizio o un comando Compose necessario, aggiorna `compose.yaml` e la documentazione in modo minimale e coerente con lo scope.

INCARICO
- Card Trello: EP03-05 — Stati e avvio stagione
- Dipendenze dichiarate: EP02-03, EP01-06

Prima di modificare il codice:
1. analizza la struttura del progetto aperto e individua tutti i file coinvolti nella card;
2. leggi il README e la documentazione architetturale o tecnica effettivamente presenti e pertinenti;
3. verifica cosa esiste già ed evita implementazioni duplicate;
4. controlla che le dipendenze funzionali dichiarate siano già implementate; se manca una dipendenza bloccante, fermati e descrivi con precisione cosa manca;
5. indicami brevemente il piano che seguirai prima di applicare le modifiche;
6. riusa pattern, servizi e componenti già adottati quando sono compatibili;
7. non introdurre segreti, credenziali, dipendenze non necessarie o modifiche fuori scope.

USER STORY
Come amministratore voglio configurare una lega coerente prima dell’avvio.

ATTIVITÀ RICHIESTE
- Gestire bozza, configurazione, asta, attiva, conclusa e archiviata.
- Implementare API, validazioni, interfaccia e audit dell’azione.

VINCOLI DI IMPLEMENTAZIONE
- Rispetta il monolite modulare API-first, i confini di dominio e il modello dati approvati.
- Le autorizzazioni e le validazioni decisive devono essere applicate lato server.
- Le operazioni che cambiano crediti, rose, mercato, risultati o configurazioni devono essere atomiche e auditabili.
- Mantieni retrocompatibilità con migrazioni e API esistenti; se non è possibile, documenta esplicitamente la decisione.
- Non implementare funzionalità appartenenti a card successive.
- Aggiungi log e metriche utili senza esporre dati personali o segreti.

CRITERI DI ACCETTAZIONE
- Transizioni validate; avvio bloccato se prerequisiti non soddisfatti.
- Test di dominio e interfaccia superati.

TEST MINIMI
- Test unitari delle regole e delle validazioni introdotte.
- Test del flusso UI positivo, vuoto, errore e permessi insufficienti.
- Test di migrazione, vincoli, transazioni e idempotenza dove applicabile.

DELIVERABLE ATTESI
- Codice applicativo e configurazioni nel modulo coerente con l’architettura approvata.
- API/servizi di dominio, validazioni e documentazione tecnica aggiornata.
- Interfaccia web/mobile con stati di caricamento, vuoto, errore e successo.
- Migrazione database e aggiornamento del modello dati.
- Test automatici e breve evidenza di verifica collegabile alla card.

CHIUSURA DEL LAVORO
- Esegui lint, type-check, test pertinenti e build dei moduli toccati usando i comandi ordinari `docker compose`; non usare `make`.
- Riporta file modificati, migrazioni, comandi eseguiti e relativi esiti.
- Spiega le decisioni tecniche non ovvie e gli eventuali rischi residui.
- Se qualcosa non è verificabile nell’ambiente disponibile, dichiaralo chiaramente senza simulare un esito positivo.
- Non creare commit o push se non richiesto espressamente.
",M1 — Ready,"M1, EP03, Must, Backend, Frontend, Database",,,14
EP03-06 — Calendario scontri diretti,"CODICE: EP03-06

USER STORY
Come amministratore voglio configurare una lega coerente prima dell’avvio.

OBIETTIVO E SCOPE
- Generare calendario bilanciato in base a squadre e turni.
- Implementare API, validazioni, interfaccia e audit dell’azione.

CRITERI DI ACCETTAZIONE
- Ogni partecipante incontra gli altri con distribuzione verificabile.
- Test di dominio e interfaccia superati.

TEST MINIMI
- Test unitari delle regole e delle validazioni introdotte.
- Test del flusso UI positivo, vuoto, errore e permessi insufficienti.
- Test di migrazione, vincoli, transazioni e idempotenza dove applicabile.

DELIVERABLE
- Codice applicativo e configurazioni nel modulo coerente con l’architettura approvata.
- API/servizi di dominio, validazioni e documentazione tecnica aggiornata.
- Interfaccia web/mobile con stati di caricamento, vuoto, errore e successo.
- Migrazione database e aggiornamento del modello dati.
- Test automatici e breve evidenza di verifica collegabile alla card.

DIPENDENZE
EP02-03, EP01-06

STIMA INIZIALE
2–4 giorni

PROMPT CURSOR
CONTESTO STANDARD — FANTAPPERÒ
Stai lavorando su FantApperò, una piattaforma fantasy football web con backend Python/FastAPI, frontend React/TypeScript, PostgreSQL, Redis, worker asincroni e integrazione centralizzata con API-Football. L’architettura approvata è un monolite modulare API-first. Gli ambienti locali e i servizi applicativi devono essere gestiti con Docker e Docker Compose.

REGOLE GENERALI OBBLIGATORIE
- Usa l’italiano come lingua predefinita per interfaccia, messaggi utente, dati seed, documentazione funzionale e nuovi contenuti. Predisponi il codice per una futura internazionalizzazione, senza implementare ora lingue aggiuntive se la card non lo richiede.
- Non modificare funzionalità, regole di gioco, API, schema dati, configurazioni o componenti non necessari alla card.
- Non cancellare o rinominare codice, migrazioni, dati, test o funzioni esistenti senza una motivazione tecnica esplicita e verificata.
- Prima di creare qualcosa, controlla cosa esiste già e riusa pattern, moduli e componenti compatibili.
- Mantieni compatibilità con le funzionalità esistenti e non anticipare card o milestone successive.
- Non inserire segreti nel codice, nei log, nei test, nei commit o nella documentazione.
- Non usare Makefile, il comando `make` o wrapper equivalenti. Usa i normali comandi `docker compose` definiti dal progetto.
- Non presupporre servizi installati localmente: esegui backend, worker, database, Redis, migrazioni e test attraverso Docker Compose, salvo attività puramente frontend già previste diversamente dal repository.
- Se manca un servizio o un comando Compose necessario, aggiorna `compose.yaml` e la documentazione in modo minimale e coerente con lo scope.

INCARICO
- Card Trello: EP03-06 — Calendario scontri diretti
- Dipendenze dichiarate: EP02-03, EP01-06

Prima di modificare il codice:
1. analizza la struttura del progetto aperto e individua tutti i file coinvolti nella card;
2. leggi il README e la documentazione architetturale o tecnica effettivamente presenti e pertinenti;
3. verifica cosa esiste già ed evita implementazioni duplicate;
4. controlla che le dipendenze funzionali dichiarate siano già implementate; se manca una dipendenza bloccante, fermati e descrivi con precisione cosa manca;
5. indicami brevemente il piano che seguirai prima di applicare le modifiche;
6. riusa pattern, servizi e componenti già adottati quando sono compatibili;
7. non introdurre segreti, credenziali, dipendenze non necessarie o modifiche fuori scope.

USER STORY
Come amministratore voglio configurare una lega coerente prima dell’avvio.

ATTIVITÀ RICHIESTE
- Generare calendario bilanciato in base a squadre e turni.
- Implementare API, validazioni, interfaccia e audit dell’azione.

VINCOLI DI IMPLEMENTAZIONE
- Rispetta il monolite modulare API-first, i confini di dominio e il modello dati approvati.
- Le autorizzazioni e le validazioni decisive devono essere applicate lato server.
- Le operazioni che cambiano crediti, rose, mercato, risultati o configurazioni devono essere atomiche e auditabili.
- Mantieni retrocompatibilità con migrazioni e API esistenti; se non è possibile, documenta esplicitamente la decisione.
- Non implementare funzionalità appartenenti a card successive.
- Aggiungi log e metriche utili senza esporre dati personali o segreti.

CRITERI DI ACCETTAZIONE
- Ogni partecipante incontra gli altri con distribuzione verificabile.
- Test di dominio e interfaccia superati.

TEST MINIMI
- Test unitari delle regole e delle validazioni introdotte.
- Test del flusso UI positivo, vuoto, errore e permessi insufficienti.
- Test di migrazione, vincoli, transazioni e idempotenza dove applicabile.

DELIVERABLE ATTESI
- Codice applicativo e configurazioni nel modulo coerente con l’architettura approvata.
- API/servizi di dominio, validazioni e documentazione tecnica aggiornata.
- Interfaccia web/mobile con stati di caricamento, vuoto, errore e successo.
- Migrazione database e aggiornamento del modello dati.
- Test automatici e breve evidenza di verifica collegabile alla card.

CHIUSURA DEL LAVORO
- Esegui lint, type-check, test pertinenti e build dei moduli toccati usando i comandi ordinari `docker compose`; non usare `make`.
- Riporta file modificati, migrazioni, comandi eseguiti e relativi esiti.
- Spiega le decisioni tecniche non ovvie e gli eventuali rischi residui.
- Se qualcosa non è verificabile nell’ambiente disponibile, dichiaralo chiaramente senza simulare un esito positivo.
- Non creare commit o push se non richiesto espressamente.
",M1 — Ready,"M1, EP03, Must, Backend, Frontend, Database",,,15
EP04-01 — Adapter API-Football,"CODICE: EP04-01

USER STORY
Come piattaforma vogliamo una fonte sportiva centrale, normalizzata e affidabile.

OBIETTIVO E SCOPE
- Isolare autenticazione, paginazione, errori e mapping del provider.
- Aggiungere metriche, log e fixture di test dai payload campione.

CRITERI DI ACCETTAZIONE
- Nessun client accede direttamente al provider.
- Test di idempotenza e mapping superati.

TEST MINIMI
- Test unitari delle regole e delle validazioni introdotte.
- Test di migrazione, vincoli, transazioni e idempotenza dove applicabile.
- Smoke test dell’ambiente e verifica di log, metriche, retry e configurazione.

DELIVERABLE
- Codice applicativo e configurazioni nel modulo coerente con l’architettura approvata.
- API/servizi di dominio, validazioni e documentazione tecnica aggiornata.
- Migrazione database e aggiornamento del modello dati.
- Configurazione infrastrutturale, osservabilità e runbook pertinenti.
- Test automatici e breve evidenza di verifica collegabile alla card.

DIPENDENZE
EP00, EP01

STIMA INIZIALE
2–4 giorni

PROMPT CURSOR
CONTESTO STANDARD — FANTAPPERÒ
Stai lavorando su FantApperò, una piattaforma fantasy football web con backend Python/FastAPI, frontend React/TypeScript, PostgreSQL, Redis, worker asincroni e integrazione centralizzata con API-Football. L’architettura approvata è un monolite modulare API-first. Gli ambienti locali e i servizi applicativi devono essere gestiti con Docker e Docker Compose.

REGOLE GENERALI OBBLIGATORIE
- Usa l’italiano come lingua predefinita per interfaccia, messaggi utente, dati seed, documentazione funzionale e nuovi contenuti. Predisponi il codice per una futura internazionalizzazione, senza implementare ora lingue aggiuntive se la card non lo richiede.
- Non modificare funzionalità, regole di gioco, API, schema dati, configurazioni o componenti non necessari alla card.
- Non cancellare o rinominare codice, migrazioni, dati, test o funzioni esistenti senza una motivazione tecnica esplicita e verificata.
- Prima di creare qualcosa, controlla cosa esiste già e riusa pattern, moduli e componenti compatibili.
- Mantieni compatibilità con le funzionalità esistenti e non anticipare card o milestone successive.
- Non inserire segreti nel codice, nei log, nei test, nei commit o nella documentazione.
- Non usare Makefile, il comando `make` o wrapper equivalenti. Usa i normali comandi `docker compose` definiti dal progetto.
- Non presupporre servizi installati localmente: esegui backend, worker, database, Redis, migrazioni e test attraverso Docker Compose, salvo attività puramente frontend già previste diversamente dal repository.
- Se manca un servizio o un comando Compose necessario, aggiorna `compose.yaml` e la documentazione in modo minimale e coerente con lo scope.

INCARICO
- Card Trello: EP04-01 — Adapter API-Football
- Dipendenze dichiarate: EP00, EP01

Prima di modificare il codice:
1. analizza la struttura del progetto aperto e individua tutti i file coinvolti nella card;
2. leggi il README e la documentazione architetturale o tecnica effettivamente presenti e pertinenti;
3. verifica cosa esiste già ed evita implementazioni duplicate;
4. controlla che le dipendenze funzionali dichiarate siano già implementate; se manca una dipendenza bloccante, fermati e descrivi con precisione cosa manca;
5. indicami brevemente il piano che seguirai prima di applicare le modifiche;
6. riusa pattern, servizi e componenti già adottati quando sono compatibili;
7. non introdurre segreti, credenziali, dipendenze non necessarie o modifiche fuori scope.

USER STORY
Come piattaforma vogliamo una fonte sportiva centrale, normalizzata e affidabile.

ATTIVITÀ RICHIESTE
- Isolare autenticazione, paginazione, errori e mapping del provider.
- Aggiungere metriche, log e fixture di test dai payload campione.

VINCOLI DI IMPLEMENTAZIONE
- Rispetta il monolite modulare API-first, i confini di dominio e il modello dati approvati.
- Le autorizzazioni e le validazioni decisive devono essere applicate lato server.
- Le operazioni che cambiano crediti, rose, mercato, risultati o configurazioni devono essere atomiche e auditabili.
- Mantieni retrocompatibilità con migrazioni e API esistenti; se non è possibile, documenta esplicitamente la decisione.
- Non implementare funzionalità appartenenti a card successive.
- Aggiungi log e metriche utili senza esporre dati personali o segreti.

CRITERI DI ACCETTAZIONE
- Nessun client accede direttamente al provider.
- Test di idempotenza e mapping superati.

TEST MINIMI
- Test unitari delle regole e delle validazioni introdotte.
- Test di migrazione, vincoli, transazioni e idempotenza dove applicabile.
- Smoke test dell’ambiente e verifica di log, metriche, retry e configurazione.

DELIVERABLE ATTESI
- Codice applicativo e configurazioni nel modulo coerente con l’architettura approvata.
- API/servizi di dominio, validazioni e documentazione tecnica aggiornata.
- Migrazione database e aggiornamento del modello dati.
- Configurazione infrastrutturale, osservabilità e runbook pertinenti.
- Test automatici e breve evidenza di verifica collegabile alla card.

CHIUSURA DEL LAVORO
- Esegui lint, type-check, test pertinenti e build dei moduli toccati usando i comandi ordinari `docker compose`; non usare `make`.
- Riporta file modificati, migrazioni, comandi eseguiti e relativi esiti.
- Spiega le decisioni tecniche non ovvie e gli eventuali rischi residui.
- Se qualcosa non è verificabile nell’ambiente disponibile, dichiaralo chiaramente senza simulare un esito positivo.
- Non creare commit o push se non richiesto espressamente.
",M1 — Ready,"M1, EP04, Must, Backend, Database, Infrastructure",,,16
EP04-02 — Catalogo competizioni e stagioni,"CODICE: EP04-02

USER STORY
Come piattaforma vogliamo una fonte sportiva centrale, normalizzata e affidabile.

OBIETTIVO E SCOPE
- Sincronizzare cinque campionati, squadre e stagioni.
- Aggiungere metriche, log e fixture di test dai payload campione.

CRITERI DI ACCETTAZIONE
- ID esterni mappati in modo stabile e idempotente.
- Test di idempotenza e mapping superati.

TEST MINIMI
- Test unitari delle regole e delle validazioni introdotte.
- Test di migrazione, vincoli, transazioni e idempotenza dove applicabile.
- Smoke test dell’ambiente e verifica di log, metriche, retry e configurazione.

DELIVERABLE
- Codice applicativo e configurazioni nel modulo coerente con l’architettura approvata.
- API/servizi di dominio, validazioni e documentazione tecnica aggiornata.
- Migrazione database e aggiornamento del modello dati.
- Configurazione infrastrutturale, osservabilità e runbook pertinenti.
- Test automatici e breve evidenza di verifica collegabile alla card.

DIPENDENZE
EP00, EP01

STIMA INIZIALE
2–4 giorni

PROMPT CURSOR
CONTESTO STANDARD — FANTAPPERÒ
Stai lavorando su FantApperò, una piattaforma fantasy football web con backend Python/FastAPI, frontend React/TypeScript, PostgreSQL, Redis, worker asincroni e integrazione centralizzata con API-Football. L’architettura approvata è un monolite modulare API-first. Gli ambienti locali e i servizi applicativi devono essere gestiti con Docker e Docker Compose.

REGOLE GENERALI OBBLIGATORIE
- Usa l’italiano come lingua predefinita per interfaccia, messaggi utente, dati seed, documentazione funzionale e nuovi contenuti. Predisponi il codice per una futura internazionalizzazione, senza implementare ora lingue aggiuntive se la card non lo richiede.
- Non modificare funzionalità, regole di gioco, API, schema dati, configurazioni o componenti non necessari alla card.
- Non cancellare o rinominare codice, migrazioni, dati, test o funzioni esistenti senza una motivazione tecnica esplicita e verificata.
- Prima di creare qualcosa, controlla cosa esiste già e riusa pattern, moduli e componenti compatibili.
- Mantieni compatibilità con le funzionalità esistenti e non anticipare card o milestone successive.
- Non inserire segreti nel codice, nei log, nei test, nei commit o nella documentazione.
- Non usare Makefile, il comando `make` o wrapper equivalenti. Usa i normali comandi `docker compose` definiti dal progetto.
- Non presupporre servizi installati localmente: esegui backend, worker, database, Redis, migrazioni e test attraverso Docker Compose, salvo attività puramente frontend già previste diversamente dal repository.
- Se manca un servizio o un comando Compose necessario, aggiorna `compose.yaml` e la documentazione in modo minimale e coerente con lo scope.

INCARICO
- Card Trello: EP04-02 — Catalogo competizioni e stagioni
- Dipendenze dichiarate: EP00, EP01

Prima di modificare il codice:
1. analizza la struttura del progetto aperto e individua tutti i file coinvolti nella card;
2. leggi il README e la documentazione architetturale o tecnica effettivamente presenti e pertinenti;
3. verifica cosa esiste già ed evita implementazioni duplicate;
4. controlla che le dipendenze funzionali dichiarate siano già implementate; se manca una dipendenza bloccante, fermati e descrivi con precisione cosa manca;
5. indicami brevemente il piano che seguirai prima di applicare le modifiche;
6. riusa pattern, servizi e componenti già adottati quando sono compatibili;
7. non introdurre segreti, credenziali, dipendenze non necessarie o modifiche fuori scope.

USER STORY
Come piattaforma vogliamo una fonte sportiva centrale, normalizzata e affidabile.

ATTIVITÀ RICHIESTE
- Sincronizzare cinque campionati, squadre e stagioni.
- Aggiungere metriche, log e fixture di test dai payload campione.

VINCOLI DI IMPLEMENTAZIONE
- Rispetta il monolite modulare API-first, i confini di dominio e il modello dati approvati.
- Le autorizzazioni e le validazioni decisive devono essere applicate lato server.
- Le operazioni che cambiano crediti, rose, mercato, risultati o configurazioni devono essere atomiche e auditabili.
- Mantieni retrocompatibilità con migrazioni e API esistenti; se non è possibile, documenta esplicitamente la decisione.
- Non implementare funzionalità appartenenti a card successive.
- Aggiungi log e metriche utili senza esporre dati personali o segreti.

CRITERI DI ACCETTAZIONE
- ID esterni mappati in modo stabile e idempotente.
- Test di idempotenza e mapping superati.

TEST MINIMI
- Test unitari delle regole e delle validazioni introdotte.
- Test di migrazione, vincoli, transazioni e idempotenza dove applicabile.
- Smoke test dell’ambiente e verifica di log, metriche, retry e configurazione.

DELIVERABLE ATTESI
- Codice applicativo e configurazioni nel modulo coerente con l’architettura approvata.
- API/servizi di dominio, validazioni e documentazione tecnica aggiornata.
- Migrazione database e aggiornamento del modello dati.
- Configurazione infrastrutturale, osservabilità e runbook pertinenti.
- Test automatici e breve evidenza di verifica collegabile alla card.

CHIUSURA DEL LAVORO
- Esegui lint, type-check, test pertinenti e build dei moduli toccati usando i comandi ordinari `docker compose`; non usare `make`.
- Riporta file modificati, migrazioni, comandi eseguiti e relativi esiti.
- Spiega le decisioni tecniche non ovvie e gli eventuali rischi residui.
- Se qualcosa non è verificabile nell’ambiente disponibile, dichiaralo chiaramente senza simulare un esito positivo.
- Non creare commit o push se non richiesto espressamente.
",M1 — Ready,"M1, EP04, Must, Backend, Database, Infrastructure",,,17
"EP04-03 — Calciatori, rose reali e trasferimenti","CODICE: EP04-03

USER STORY
Come piattaforma vogliamo una fonte sportiva centrale, normalizzata e affidabile.

OBIETTIVO E SCOPE
- Sincronizzare anagrafiche, squadre correnti e storico trasferimenti.
- Aggiungere metriche, log e fixture di test dai payload campione.

CRITERI DI ACCETTAZIONE
- Duplicati e cambi squadra non rompono riferimenti storici.
- Test di idempotenza e mapping superati.

TEST MINIMI
- Test unitari delle regole e delle validazioni introdotte.
- Test di migrazione, vincoli, transazioni e idempotenza dove applicabile.
- Smoke test dell’ambiente e verifica di log, metriche, retry e configurazione.

DELIVERABLE
- Codice applicativo e configurazioni nel modulo coerente con l’architettura approvata.
- API/servizi di dominio, validazioni e documentazione tecnica aggiornata.
- Migrazione database e aggiornamento del modello dati.
- Configurazione infrastrutturale, osservabilità e runbook pertinenti.
- Test automatici e breve evidenza di verifica collegabile alla card.

DIPENDENZE
EP00, EP01

STIMA INIZIALE
2–4 giorni

PROMPT CURSOR
CONTESTO STANDARD — FANTAPPERÒ
Stai lavorando su FantApperò, una piattaforma fantasy football web con backend Python/FastAPI, frontend React/TypeScript, PostgreSQL, Redis, worker asincroni e integrazione centralizzata con API-Football. L’architettura approvata è un monolite modulare API-first. Gli ambienti locali e i servizi applicativi devono essere gestiti con Docker e Docker Compose.

REGOLE GENERALI OBBLIGATORIE
- Usa l’italiano come lingua predefinita per interfaccia, messaggi utente, dati seed, documentazione funzionale e nuovi contenuti. Predisponi il codice per una futura internazionalizzazione, senza implementare ora lingue aggiuntive se la card non lo richiede.
- Non modificare funzionalità, regole di gioco, API, schema dati, configurazioni o componenti non necessari alla card.
- Non cancellare o rinominare codice, migrazioni, dati, test o funzioni esistenti senza una motivazione tecnica esplicita e verificata.
- Prima di creare qualcosa, controlla cosa esiste già e riusa pattern, moduli e componenti compatibili.
- Mantieni compatibilità con le funzionalità esistenti e non anticipare card o milestone successive.
- Non inserire segreti nel codice, nei log, nei test, nei commit o nella documentazione.
- Non usare Makefile, il comando `make` o wrapper equivalenti. Usa i normali comandi `docker compose` definiti dal progetto.
- Non presupporre servizi installati localmente: esegui backend, worker, database, Redis, migrazioni e test attraverso Docker Compose, salvo attività puramente frontend già previste diversamente dal repository.
- Se manca un servizio o un comando Compose necessario, aggiorna `compose.yaml` e la documentazione in modo minimale e coerente con lo scope.

INCARICO
- Card Trello: EP04-03 — Calciatori, rose reali e trasferimenti
- Dipendenze dichiarate: EP00, EP01

Prima di modificare il codice:
1. analizza la struttura del progetto aperto e individua tutti i file coinvolti nella card;
2. leggi il README e la documentazione architetturale o tecnica effettivamente presenti e pertinenti;
3. verifica cosa esiste già ed evita implementazioni duplicate;
4. controlla che le dipendenze funzionali dichiarate siano già implementate; se manca una dipendenza bloccante, fermati e descrivi con precisione cosa manca;
5. indicami brevemente il piano che seguirai prima di applicare le modifiche;
6. riusa pattern, servizi e componenti già adottati quando sono compatibili;
7. non introdurre segreti, credenziali, dipendenze non necessarie o modifiche fuori scope.

USER STORY
Come piattaforma vogliamo una fonte sportiva centrale, normalizzata e affidabile.

ATTIVITÀ RICHIESTE
- Sincronizzare anagrafiche, squadre correnti e storico trasferimenti.
- Aggiungere metriche, log e fixture di test dai payload campione.

VINCOLI DI IMPLEMENTAZIONE
- Rispetta il monolite modulare API-first, i confini di dominio e il modello dati approvati.
- Le autorizzazioni e le validazioni decisive devono essere applicate lato server.
- Le operazioni che cambiano crediti, rose, mercato, risultati o configurazioni devono essere atomiche e auditabili.
- Mantieni retrocompatibilità con migrazioni e API esistenti; se non è possibile, documenta esplicitamente la decisione.
- Non implementare funzionalità appartenenti a card successive.
- Aggiungi log e metriche utili senza esporre dati personali o segreti.

CRITERI DI ACCETTAZIONE
- Duplicati e cambi squadra non rompono riferimenti storici.
- Test di idempotenza e mapping superati.

TEST MINIMI
- Test unitari delle regole e delle validazioni introdotte.
- Test di migrazione, vincoli, transazioni e idempotenza dove applicabile.
- Smoke test dell’ambiente e verifica di log, metriche, retry e configurazione.

DELIVERABLE ATTESI
- Codice applicativo e configurazioni nel modulo coerente con l’architettura approvata.
- API/servizi di dominio, validazioni e documentazione tecnica aggiornata.
- Migrazione database e aggiornamento del modello dati.
- Configurazione infrastrutturale, osservabilità e runbook pertinenti.
- Test automatici e breve evidenza di verifica collegabile alla card.

CHIUSURA DEL LAVORO
- Esegui lint, type-check, test pertinenti e build dei moduli toccati usando i comandi ordinari `docker compose`; non usare `make`.
- Riporta file modificati, migrazioni, comandi eseguiti e relativi esiti.
- Spiega le decisioni tecniche non ovvie e gli eventuali rischi residui.
- Se qualcosa non è verificabile nell’ambiente disponibile, dichiaralo chiaramente senza simulare un esito positivo.
- Non creare commit o push se non richiesto espressamente.
",M1 — Ready,"M1, EP04, Must, Backend, Database, Infrastructure",,,18
EP04-04 — Listone e ruoli P–D–C–A,"CODICE: EP04-04

USER STORY
Come piattaforma vogliamo una fonte sportiva centrale, normalizzata e affidabile.

OBIETTIVO E SCOPE
- Generare listone ufficiale e consentire override pre-asta per lega.
- Aggiungere metriche, log e fixture di test dai payload campione.

CRITERI DI ACCETTAZIONE
- Ogni giocatore ha un ruolo valido e modifiche post-avvio decorrono dal turno seguente.
- Test di idempotenza e mapping superati.

TEST MINIMI
- Test unitari delle regole e delle validazioni introdotte.
- Test di migrazione, vincoli, transazioni e idempotenza dove applicabile.
- Smoke test dell’ambiente e verifica di log, metriche, retry e configurazione.

DELIVERABLE
- Codice applicativo e configurazioni nel modulo coerente con l’architettura approvata.
- API/servizi di dominio, validazioni e documentazione tecnica aggiornata.
- Migrazione database e aggiornamento del modello dati.
- Configurazione infrastrutturale, osservabilità e runbook pertinenti.
- Test automatici e breve evidenza di verifica collegabile alla card.

DIPENDENZE
EP00, EP01

STIMA INIZIALE
2–4 giorni

PROMPT CURSOR
CONTESTO STANDARD — FANTAPPERÒ
Stai lavorando su FantApperò, una piattaforma fantasy football web con backend Python/FastAPI, frontend React/TypeScript, PostgreSQL, Redis, worker asincroni e integrazione centralizzata con API-Football. L’architettura approvata è un monolite modulare API-first. Gli ambienti locali e i servizi applicativi devono essere gestiti con Docker e Docker Compose.

REGOLE GENERALI OBBLIGATORIE
- Usa l’italiano come lingua predefinita per interfaccia, messaggi utente, dati seed, documentazione funzionale e nuovi contenuti. Predisponi il codice per una futura internazionalizzazione, senza implementare ora lingue aggiuntive se la card non lo richiede.
- Non modificare funzionalità, regole di gioco, API, schema dati, configurazioni o componenti non necessari alla card.
- Non cancellare o rinominare codice, migrazioni, dati, test o funzioni esistenti senza una motivazione tecnica esplicita e verificata.
- Prima di creare qualcosa, controlla cosa esiste già e riusa pattern, moduli e componenti compatibili.
- Mantieni compatibilità con le funzionalità esistenti e non anticipare card o milestone successive.
- Non inserire segreti nel codice, nei log, nei test, nei commit o nella documentazione.
- Non usare Makefile, il comando `make` o wrapper equivalenti. Usa i normali comandi `docker compose` definiti dal progetto.
- Non presupporre servizi installati localmente: esegui backend, worker, database, Redis, migrazioni e test attraverso Docker Compose, salvo attività puramente frontend già previste diversamente dal repository.
- Se manca un servizio o un comando Compose necessario, aggiorna `compose.yaml` e la documentazione in modo minimale e coerente con lo scope.

INCARICO
- Card Trello: EP04-04 — Listone e ruoli P–D–C–A
- Dipendenze dichiarate: EP00, EP01

Prima di modificare il codice:
1. analizza la struttura del progetto aperto e individua tutti i file coinvolti nella card;
2. leggi il README e la documentazione architetturale o tecnica effettivamente presenti e pertinenti;
3. verifica cosa esiste già ed evita implementazioni duplicate;
4. controlla che le dipendenze funzionali dichiarate siano già implementate; se manca una dipendenza bloccante, fermati e descrivi con precisione cosa manca;
5. indicami brevemente il piano che seguirai prima di applicare le modifiche;
6. riusa pattern, servizi e componenti già adottati quando sono compatibili;
7. non introdurre segreti, credenziali, dipendenze non necessarie o modifiche fuori scope.

USER STORY
Come piattaforma vogliamo una fonte sportiva centrale, normalizzata e affidabile.

ATTIVITÀ RICHIESTE
- Generare listone ufficiale e consentire override pre-asta per lega.
- Aggiungere metriche, log e fixture di test dai payload campione.

VINCOLI DI IMPLEMENTAZIONE
- Rispetta il monolite modulare API-first, i confini di dominio e il modello dati approvati.
- Le autorizzazioni e le validazioni decisive devono essere applicate lato server.
- Le operazioni che cambiano crediti, rose, mercato, risultati o configurazioni devono essere atomiche e auditabili.
- Mantieni retrocompatibilità con migrazioni e API esistenti; se non è possibile, documenta esplicitamente la decisione.
- Non implementare funzionalità appartenenti a card successive.
- Aggiungi log e metriche utili senza esporre dati personali o segreti.

CRITERI DI ACCETTAZIONE
- Ogni giocatore ha un ruolo valido e modifiche post-avvio decorrono dal turno seguente.
- Test di idempotenza e mapping superati.

TEST MINIMI
- Test unitari delle regole e delle validazioni introdotte.
- Test di migrazione, vincoli, transazioni e idempotenza dove applicabile.
- Smoke test dell’ambiente e verifica di log, metriche, retry e configurazione.

DELIVERABLE ATTESI
- Codice applicativo e configurazioni nel modulo coerente con l’architettura approvata.
- API/servizi di dominio, validazioni e documentazione tecnica aggiornata.
- Migrazione database e aggiornamento del modello dati.
- Configurazione infrastrutturale, osservabilità e runbook pertinenti.
- Test automatici e breve evidenza di verifica collegabile alla card.

CHIUSURA DEL LAVORO
- Esegui lint, type-check, test pertinenti e build dei moduli toccati usando i comandi ordinari `docker compose`; non usare `make`.
- Riporta file modificati, migrazioni, comandi eseguiti e relativi esiti.
- Spiega le decisioni tecniche non ovvie e gli eventuali rischi residui.
- Se qualcosa non è verificabile nell’ambiente disponibile, dichiaralo chiaramente senza simulare un esito positivo.
- Non creare commit o push se non richiesto espressamente.
",M1 — Ready,"M1, EP04, Must, Backend, Database, Infrastructure",,,19
"EP04-05 — Fixture, eventi, lineup e statistiche","CODICE: EP04-05

USER STORY
Come piattaforma vogliamo una fonte sportiva centrale, normalizzata e affidabile.

OBIETTIVO E SCOPE
- Ingerire calendario e dettagli partita con raw payload e normalizzazione.
- Aggiungere metriche, log e fixture di test dai payload campione.

CRITERI DI ACCETTAZIONE
- Sync ripetuta non duplica eventi; correzioni sono rilevate.
- Test di idempotenza e mapping superati.

TEST MINIMI
- Test unitari delle regole e delle validazioni introdotte.
- Test di migrazione, vincoli, transazioni e idempotenza dove applicabile.
- Smoke test dell’ambiente e verifica di log, metriche, retry e configurazione.

DELIVERABLE
- Codice applicativo e configurazioni nel modulo coerente con l’architettura approvata.
- API/servizi di dominio, validazioni e documentazione tecnica aggiornata.
- Migrazione database e aggiornamento del modello dati.
- Configurazione infrastrutturale, osservabilità e runbook pertinenti.
- Test automatici e breve evidenza di verifica collegabile alla card.

DIPENDENZE
EP00, EP01

STIMA INIZIALE
2–4 giorni

PROMPT CURSOR
CONTESTO STANDARD — FANTAPPERÒ
Stai lavorando su FantApperò, una piattaforma fantasy football web con backend Python/FastAPI, frontend React/TypeScript, PostgreSQL, Redis, worker asincroni e integrazione centralizzata con API-Football. L’architettura approvata è un monolite modulare API-first. Gli ambienti locali e i servizi applicativi devono essere gestiti con Docker e Docker Compose.

REGOLE GENERALI OBBLIGATORIE
- Usa l’italiano come lingua predefinita per interfaccia, messaggi utente, dati seed, documentazione funzionale e nuovi contenuti. Predisponi il codice per una futura internazionalizzazione, senza implementare ora lingue aggiuntive se la card non lo richiede.
- Non modificare funzionalità, regole di gioco, API, schema dati, configurazioni o componenti non necessari alla card.
- Non cancellare o rinominare codice, migrazioni, dati, test o funzioni esistenti senza una motivazione tecnica esplicita e verificata.
- Prima di creare qualcosa, controlla cosa esiste già e riusa pattern, moduli e componenti compatibili.
- Mantieni compatibilità con le funzionalità esistenti e non anticipare card o milestone successive.
- Non inserire segreti nel codice, nei log, nei test, nei commit o nella documentazione.
- Non usare Makefile, il comando `make` o wrapper equivalenti. Usa i normali comandi `docker compose` definiti dal progetto.
- Non presupporre servizi installati localmente: esegui backend, worker, database, Redis, migrazioni e test attraverso Docker Compose, salvo attività puramente frontend già previste diversamente dal repository.
- Se manca un servizio o un comando Compose necessario, aggiorna `compose.yaml` e la documentazione in modo minimale e coerente con lo scope.

INCARICO
- Card Trello: EP04-05 — Fixture, eventi, lineup e statistiche
- Dipendenze dichiarate: EP00, EP01

Prima di modificare il codice:
1. analizza la struttura del progetto aperto e individua tutti i file coinvolti nella card;
2. leggi il README e la documentazione architetturale o tecnica effettivamente presenti e pertinenti;
3. verifica cosa esiste già ed evita implementazioni duplicate;
4. controlla che le dipendenze funzionali dichiarate siano già implementate; se manca una dipendenza bloccante, fermati e descrivi con precisione cosa manca;
5. indicami brevemente il piano che seguirai prima di applicare le modifiche;
6. riusa pattern, servizi e componenti già adottati quando sono compatibili;
7. non introdurre segreti, credenziali, dipendenze non necessarie o modifiche fuori scope.

USER STORY
Come piattaforma vogliamo una fonte sportiva centrale, normalizzata e affidabile.

ATTIVITÀ RICHIESTE
- Ingerire calendario e dettagli partita con raw payload e normalizzazione.
- Aggiungere metriche, log e fixture di test dai payload campione.

VINCOLI DI IMPLEMENTAZIONE
- Rispetta il monolite modulare API-first, i confini di dominio e il modello dati approvati.
- Le autorizzazioni e le validazioni decisive devono essere applicate lato server.
- Le operazioni che cambiano crediti, rose, mercato, risultati o configurazioni devono essere atomiche e auditabili.
- Mantieni retrocompatibilità con migrazioni e API esistenti; se non è possibile, documenta esplicitamente la decisione.
- Non implementare funzionalità appartenenti a card successive.
- Aggiungi log e metriche utili senza esporre dati personali o segreti.

CRITERI DI ACCETTAZIONE
- Sync ripetuta non duplica eventi; correzioni sono rilevate.
- Test di idempotenza e mapping superati.

TEST MINIMI
- Test unitari delle regole e delle validazioni introdotte.
- Test di migrazione, vincoli, transazioni e idempotenza dove applicabile.
- Smoke test dell’ambiente e verifica di log, metriche, retry e configurazione.

DELIVERABLE ATTESI
- Codice applicativo e configurazioni nel modulo coerente con l’architettura approvata.
- API/servizi di dominio, validazioni e documentazione tecnica aggiornata.
- Migrazione database e aggiornamento del modello dati.
- Configurazione infrastrutturale, osservabilità e runbook pertinenti.
- Test automatici e breve evidenza di verifica collegabile alla card.

CHIUSURA DEL LAVORO
- Esegui lint, type-check, test pertinenti e build dei moduli toccati usando i comandi ordinari `docker compose`; non usare `make`.
- Riporta file modificati, migrazioni, comandi eseguiti e relativi esiti.
- Spiega le decisioni tecniche non ovvie e gli eventuali rischi residui.
- Se qualcosa non è verificabile nell’ambiente disponibile, dichiaralo chiaramente senza simulare un esito positivo.
- Non creare commit o push se non richiesto espressamente.
",M1 — Ready,"M1, EP04, Must, Backend, Database, Infrastructure",,,20
EP04-06 — Scheduler pre/live/post partita,"CODICE: EP04-06

USER STORY
Come piattaforma vogliamo una fonte sportiva centrale, normalizzata e affidabile.

OBIETTIVO E SCOPE
- Pianificare polling per stato con quote, lock e retry.
- Aggiungere metriche, log e fixture di test dai payload campione.

CRITERI DI ACCETTAZIONE
- Nessun doppio job concorrente; modalità degradata osservabile.
- Test di idempotenza e mapping superati.

TEST MINIMI
- Test unitari delle regole e delle validazioni introdotte.
- Test di migrazione, vincoli, transazioni e idempotenza dove applicabile.
- Smoke test dell’ambiente e verifica di log, metriche, retry e configurazione.

DELIVERABLE
- Codice applicativo e configurazioni nel modulo coerente con l’architettura approvata.
- API/servizi di dominio, validazioni e documentazione tecnica aggiornata.
- Migrazione database e aggiornamento del modello dati.
- Configurazione infrastrutturale, osservabilità e runbook pertinenti.
- Test automatici e breve evidenza di verifica collegabile alla card.

DIPENDENZE
EP00, EP01

STIMA INIZIALE
2–4 giorni

PROMPT CURSOR
CONTESTO STANDARD — FANTAPPERÒ
Stai lavorando su FantApperò, una piattaforma fantasy football web con backend Python/FastAPI, frontend React/TypeScript, PostgreSQL, Redis, worker asincroni e integrazione centralizzata con API-Football. L’architettura approvata è un monolite modulare API-first. Gli ambienti locali e i servizi applicativi devono essere gestiti con Docker e Docker Compose.

REGOLE GENERALI OBBLIGATORIE
- Usa l’italiano come lingua predefinita per interfaccia, messaggi utente, dati seed, documentazione funzionale e nuovi contenuti. Predisponi il codice per una futura internazionalizzazione, senza implementare ora lingue aggiuntive se la card non lo richiede.
- Non modificare funzionalità, regole di gioco, API, schema dati, configurazioni o componenti non necessari alla card.
- Non cancellare o rinominare codice, migrazioni, dati, test o funzioni esistenti senza una motivazione tecnica esplicita e verificata.
- Prima di creare qualcosa, controlla cosa esiste già e riusa pattern, moduli e componenti compatibili.
- Mantieni compatibilità con le funzionalità esistenti e non anticipare card o milestone successive.
- Non inserire segreti nel codice, nei log, nei test, nei commit o nella documentazione.
- Non usare Makefile, il comando `make` o wrapper equivalenti. Usa i normali comandi `docker compose` definiti dal progetto.
- Non presupporre servizi installati localmente: esegui backend, worker, database, Redis, migrazioni e test attraverso Docker Compose, salvo attività puramente frontend già previste diversamente dal repository.
- Se manca un servizio o un comando Compose necessario, aggiorna `compose.yaml` e la documentazione in modo minimale e coerente con lo scope.

INCARICO
- Card Trello: EP04-06 — Scheduler pre/live/post partita
- Dipendenze dichiarate: EP00, EP01

Prima di modificare il codice:
1. analizza la struttura del progetto aperto e individua tutti i file coinvolti nella card;
2. leggi il README e la documentazione architetturale o tecnica effettivamente presenti e pertinenti;
3. verifica cosa esiste già ed evita implementazioni duplicate;
4. controlla che le dipendenze funzionali dichiarate siano già implementate; se manca una dipendenza bloccante, fermati e descrivi con precisione cosa manca;
5. indicami brevemente il piano che seguirai prima di applicare le modifiche;
6. riusa pattern, servizi e componenti già adottati quando sono compatibili;
7. non introdurre segreti, credenziali, dipendenze non necessarie o modifiche fuori scope.

USER STORY
Come piattaforma vogliamo una fonte sportiva centrale, normalizzata e affidabile.

ATTIVITÀ RICHIESTE
- Pianificare polling per stato con quote, lock e retry.
- Aggiungere metriche, log e fixture di test dai payload campione.

VINCOLI DI IMPLEMENTAZIONE
- Rispetta il monolite modulare API-first, i confini di dominio e il modello dati approvati.
- Le autorizzazioni e le validazioni decisive devono essere applicate lato server.
- Le operazioni che cambiano crediti, rose, mercato, risultati o configurazioni devono essere atomiche e auditabili.
- Mantieni retrocompatibilità con migrazioni e API esistenti; se non è possibile, documenta esplicitamente la decisione.
- Non implementare funzionalità appartenenti a card successive.
- Aggiungi log e metriche utili senza esporre dati personali o segreti.

CRITERI DI ACCETTAZIONE
- Nessun doppio job concorrente; modalità degradata osservabile.
- Test di idempotenza e mapping superati.

TEST MINIMI
- Test unitari delle regole e delle validazioni introdotte.
- Test di migrazione, vincoli, transazioni e idempotenza dove applicabile.
- Smoke test dell’ambiente e verifica di log, metriche, retry e configurazione.

DELIVERABLE ATTESI
- Codice applicativo e configurazioni nel modulo coerente con l’architettura approvata.
- API/servizi di dominio, validazioni e documentazione tecnica aggiornata.
- Migrazione database e aggiornamento del modello dati.
- Configurazione infrastrutturale, osservabilità e runbook pertinenti.
- Test automatici e breve evidenza di verifica collegabile alla card.

CHIUSURA DEL LAVORO
- Esegui lint, type-check, test pertinenti e build dei moduli toccati usando i comandi ordinari `docker compose`; non usare `make`.
- Riporta file modificati, migrazioni, comandi eseguiti e relativi esiti.
- Spiega le decisioni tecniche non ovvie e gli eventuali rischi residui.
- Se qualcosa non è verificabile nell’ambiente disponibile, dichiaralo chiaramente senza simulare un esito positivo.
- Non creare commit o push se non richiesto espressamente.
",M1 — Ready,"M1, EP04, Must, Backend, Database, Infrastructure",,,21
EP04-07 — Pannello qualità dati,"CODICE: EP04-07

USER STORY
Come piattaforma vogliamo una fonte sportiva centrale, normalizzata e affidabile.

OBIETTIVO E SCOPE
- Mostrare fixture mancanti, ritardi, conflitti e correzioni.
- Aggiungere metriche, log e fixture di test dai payload campione.

CRITERI DI ACCETTAZIONE
- Operatore può individuare e rilanciare una sync senza modifiche manuali opache.
- Test di idempotenza e mapping superati.

TEST MINIMI
- Test unitari delle regole e delle validazioni introdotte.
- Test di migrazione, vincoli, transazioni e idempotenza dove applicabile.
- Smoke test dell’ambiente e verifica di log, metriche, retry e configurazione.

DELIVERABLE
- Codice applicativo e configurazioni nel modulo coerente con l’architettura approvata.
- API/servizi di dominio, validazioni e documentazione tecnica aggiornata.
- Migrazione database e aggiornamento del modello dati.
- Configurazione infrastrutturale, osservabilità e runbook pertinenti.
- Test automatici e breve evidenza di verifica collegabile alla card.

DIPENDENZE
EP00, EP01

STIMA INIZIALE
2–4 giorni

PROMPT CURSOR
CONTESTO STANDARD — FANTAPPERÒ
Stai lavorando su FantApperò, una piattaforma fantasy football web con backend Python/FastAPI, frontend React/TypeScript, PostgreSQL, Redis, worker asincroni e integrazione centralizzata con API-Football. L’architettura approvata è un monolite modulare API-first. Gli ambienti locali e i servizi applicativi devono essere gestiti con Docker e Docker Compose.

REGOLE GENERALI OBBLIGATORIE
- Usa l’italiano come lingua predefinita per interfaccia, messaggi utente, dati seed, documentazione funzionale e nuovi contenuti. Predisponi il codice per una futura internazionalizzazione, senza implementare ora lingue aggiuntive se la card non lo richiede.
- Non modificare funzionalità, regole di gioco, API, schema dati, configurazioni o componenti non necessari alla card.
- Non cancellare o rinominare codice, migrazioni, dati, test o funzioni esistenti senza una motivazione tecnica esplicita e verificata.
- Prima di creare qualcosa, controlla cosa esiste già e riusa pattern, moduli e componenti compatibili.
- Mantieni compatibilità con le funzionalità esistenti e non anticipare card o milestone successive.
- Non inserire segreti nel codice, nei log, nei test, nei commit o nella documentazione.
- Non usare Makefile, il comando `make` o wrapper equivalenti. Usa i normali comandi `docker compose` definiti dal progetto.
- Non presupporre servizi installati localmente: esegui backend, worker, database, Redis, migrazioni e test attraverso Docker Compose, salvo attività puramente frontend già previste diversamente dal repository.
- Se manca un servizio o un comando Compose necessario, aggiorna `compose.yaml` e la documentazione in modo minimale e coerente con lo scope.

INCARICO
- Card Trello: EP04-07 — Pannello qualità dati
- Dipendenze dichiarate: EP00, EP01

Prima di modificare il codice:
1. analizza la struttura del progetto aperto e individua tutti i file coinvolti nella card;
2. leggi il README e la documentazione architetturale o tecnica effettivamente presenti e pertinenti;
3. verifica cosa esiste già ed evita implementazioni duplicate;
4. controlla che le dipendenze funzionali dichiarate siano già implementate; se manca una dipendenza bloccante, fermati e descrivi con precisione cosa manca;
5. indicami brevemente il piano che seguirai prima di applicare le modifiche;
6. riusa pattern, servizi e componenti già adottati quando sono compatibili;
7. non introdurre segreti, credenziali, dipendenze non necessarie o modifiche fuori scope.

USER STORY
Come piattaforma vogliamo una fonte sportiva centrale, normalizzata e affidabile.

ATTIVITÀ RICHIESTE
- Mostrare fixture mancanti, ritardi, conflitti e correzioni.
- Aggiungere metriche, log e fixture di test dai payload campione.

VINCOLI DI IMPLEMENTAZIONE
- Rispetta il monolite modulare API-first, i confini di dominio e il modello dati approvati.
- Le autorizzazioni e le validazioni decisive devono essere applicate lato server.
- Le operazioni che cambiano crediti, rose, mercato, risultati o configurazioni devono essere atomiche e auditabili.
- Mantieni retrocompatibilità con migrazioni e API esistenti; se non è possibile, documenta esplicitamente la decisione.
- Non implementare funzionalità appartenenti a card successive.
- Aggiungi log e metriche utili senza esporre dati personali o segreti.

CRITERI DI ACCETTAZIONE
- Operatore può individuare e rilanciare una sync senza modifiche manuali opache.
- Test di idempotenza e mapping superati.

TEST MINIMI
- Test unitari delle regole e delle validazioni introdotte.
- Test di migrazione, vincoli, transazioni e idempotenza dove applicabile.
- Smoke test dell’ambiente e verifica di log, metriche, retry e configurazione.

DELIVERABLE ATTESI
- Codice applicativo e configurazioni nel modulo coerente con l’architettura approvata.
- API/servizi di dominio, validazioni e documentazione tecnica aggiornata.
- Migrazione database e aggiornamento del modello dati.
- Configurazione infrastrutturale, osservabilità e runbook pertinenti.
- Test automatici e breve evidenza di verifica collegabile alla card.

CHIUSURA DEL LAVORO
- Esegui lint, type-check, test pertinenti e build dei moduli toccati usando i comandi ordinari `docker compose`; non usare `make`.
- Riporta file modificati, migrazioni, comandi eseguiti e relativi esiti.
- Spiega le decisioni tecniche non ovvie e gli eventuali rischi residui.
- Se qualcosa non è verificabile nell’ambiente disponibile, dichiaralo chiaramente senza simulare un esito positivo.
- Non creare commit o push se non richiesto espressamente.
",M1 — Ready,"M1, EP04, Must, Backend, Database, Infrastructure",,,22
EP05-01 — Entità squadra fantasy e rosa,"CODICE: EP05-01

USER STORY
Come amministratore e partecipante vogliamo rose valide e crediti tracciabili.

OBIETTIVO E SCOPE
- Creare squadra per partecipante, slot e vincoli di esclusività.
- Aggiungere API, UI e test di concorrenza quando applicabile.

CRITERI DI ACCETTAZIONE
- Un calciatore non appartiene a due squadre nella stessa lega.
- Vincoli applicati anche lato server.

TEST MINIMI
- Test unitari delle regole e delle validazioni introdotte.
- Test del flusso UI positivo, vuoto, errore e permessi insufficienti.
- Test di migrazione, vincoli, transazioni e idempotenza dove applicabile.
- Test concorrenti: nessuna doppia assegnazione, operazione parziale o saldo non valido.

DELIVERABLE
- Codice applicativo e configurazioni nel modulo coerente con l’architettura approvata.
- API/servizi di dominio, validazioni e documentazione tecnica aggiornata.
- Interfaccia web/mobile con stati di caricamento, vuoto, errore e successo.
- Migrazione database e aggiornamento del modello dati.
- Test automatici e breve evidenza di verifica collegabile alla card.

DIPENDENZE
EP03-05, EP04-04

STIMA INIZIALE
2–4 giorni

PROMPT CURSOR
CONTESTO STANDARD — FANTAPPERÒ
Stai lavorando su FantApperò, una piattaforma fantasy football web con backend Python/FastAPI, frontend React/TypeScript, PostgreSQL, Redis, worker asincroni e integrazione centralizzata con API-Football. L’architettura approvata è un monolite modulare API-first. Gli ambienti locali e i servizi applicativi devono essere gestiti con Docker e Docker Compose.

REGOLE GENERALI OBBLIGATORIE
- Usa l’italiano come lingua predefinita per interfaccia, messaggi utente, dati seed, documentazione funzionale e nuovi contenuti. Predisponi il codice per una futura internazionalizzazione, senza implementare ora lingue aggiuntive se la card non lo richiede.
- Non modificare funzionalità, regole di gioco, API, schema dati, configurazioni o componenti non necessari alla card.
- Non cancellare o rinominare codice, migrazioni, dati, test o funzioni esistenti senza una motivazione tecnica esplicita e verificata.
- Prima di creare qualcosa, controlla cosa esiste già e riusa pattern, moduli e componenti compatibili.
- Mantieni compatibilità con le funzionalità esistenti e non anticipare card o milestone successive.
- Non inserire segreti nel codice, nei log, nei test, nei commit o nella documentazione.
- Non usare Makefile, il comando `make` o wrapper equivalenti. Usa i normali comandi `docker compose` definiti dal progetto.
- Non presupporre servizi installati localmente: esegui backend, worker, database, Redis, migrazioni e test attraverso Docker Compose, salvo attività puramente frontend già previste diversamente dal repository.
- Se manca un servizio o un comando Compose necessario, aggiorna `compose.yaml` e la documentazione in modo minimale e coerente con lo scope.

INCARICO
- Card Trello: EP05-01 — Entità squadra fantasy e rosa
- Dipendenze dichiarate: EP03-05, EP04-04

Prima di modificare il codice:
1. analizza la struttura del progetto aperto e individua tutti i file coinvolti nella card;
2. leggi il README e la documentazione architetturale o tecnica effettivamente presenti e pertinenti;
3. verifica cosa esiste già ed evita implementazioni duplicate;
4. controlla che le dipendenze funzionali dichiarate siano già implementate; se manca una dipendenza bloccante, fermati e descrivi con precisione cosa manca;
5. indicami brevemente il piano che seguirai prima di applicare le modifiche;
6. riusa pattern, servizi e componenti già adottati quando sono compatibili;
7. non introdurre segreti, credenziali, dipendenze non necessarie o modifiche fuori scope.

USER STORY
Come amministratore e partecipante vogliamo rose valide e crediti tracciabili.

ATTIVITÀ RICHIESTE
- Creare squadra per partecipante, slot e vincoli di esclusività.
- Aggiungere API, UI e test di concorrenza quando applicabile.

VINCOLI DI IMPLEMENTAZIONE
- Rispetta il monolite modulare API-first, i confini di dominio e il modello dati approvati.
- Le autorizzazioni e le validazioni decisive devono essere applicate lato server.
- Le operazioni che cambiano crediti, rose, mercato, risultati o configurazioni devono essere atomiche e auditabili.
- Mantieni retrocompatibilità con migrazioni e API esistenti; se non è possibile, documenta esplicitamente la decisione.
- Non implementare funzionalità appartenenti a card successive.
- Aggiungi log e metriche utili senza esporre dati personali o segreti.

CRITERI DI ACCETTAZIONE
- Un calciatore non appartiene a due squadre nella stessa lega.
- Vincoli applicati anche lato server.

TEST MINIMI
- Test unitari delle regole e delle validazioni introdotte.
- Test del flusso UI positivo, vuoto, errore e permessi insufficienti.
- Test di migrazione, vincoli, transazioni e idempotenza dove applicabile.
- Test concorrenti: nessuna doppia assegnazione, operazione parziale o saldo non valido.

DELIVERABLE ATTESI
- Codice applicativo e configurazioni nel modulo coerente con l’architettura approvata.
- API/servizi di dominio, validazioni e documentazione tecnica aggiornata.
- Interfaccia web/mobile con stati di caricamento, vuoto, errore e successo.
- Migrazione database e aggiornamento del modello dati.
- Test automatici e breve evidenza di verifica collegabile alla card.

CHIUSURA DEL LAVORO
- Esegui lint, type-check, test pertinenti e build dei moduli toccati usando i comandi ordinari `docker compose`; non usare `make`.
- Riporta file modificati, migrazioni, comandi eseguiti e relativi esiti.
- Spiega le decisioni tecniche non ovvie e gli eventuali rischi residui.
- Se qualcosa non è verificabile nell’ambiente disponibile, dichiaralo chiaramente senza simulare un esito positivo.
- Non creare commit o push se non richiesto espressamente.
",M2 — Ready,"M2, EP05, Must, Backend, Frontend, Database",,,23
EP05-02 — Ledger crediti,"CODICE: EP05-02

USER STORY
Come amministratore e partecipante vogliamo rose valide e crediti tracciabili.

OBIETTIVO E SCOPE
- Registrare saldo tramite movimenti immutabili e causali.
- Aggiungere API, UI e test di concorrenza quando applicabile.

CRITERI DI ACCETTAZIONE
- Saldo ricostruibile; nessun aggiornamento diretto opaco.
- Vincoli applicati anche lato server.

TEST MINIMI
- Test unitari delle regole e delle validazioni introdotte.
- Test del flusso UI positivo, vuoto, errore e permessi insufficienti.
- Test di migrazione, vincoli, transazioni e idempotenza dove applicabile.
- Test concorrenti: nessuna doppia assegnazione, operazione parziale o saldo non valido.

DELIVERABLE
- Codice applicativo e configurazioni nel modulo coerente con l’architettura approvata.
- API/servizi di dominio, validazioni e documentazione tecnica aggiornata.
- Interfaccia web/mobile con stati di caricamento, vuoto, errore e successo.
- Migrazione database e aggiornamento del modello dati.
- Test automatici e breve evidenza di verifica collegabile alla card.

DIPENDENZE
EP03-05, EP04-04

STIMA INIZIALE
2–4 giorni

PROMPT CURSOR
CONTESTO STANDARD — FANTAPPERÒ
Stai lavorando su FantApperò, una piattaforma fantasy football web con backend Python/FastAPI, frontend React/TypeScript, PostgreSQL, Redis, worker asincroni e integrazione centralizzata con API-Football. L’architettura approvata è un monolite modulare API-first. Gli ambienti locali e i servizi applicativi devono essere gestiti con Docker e Docker Compose.

REGOLE GENERALI OBBLIGATORIE
- Usa l’italiano come lingua predefinita per interfaccia, messaggi utente, dati seed, documentazione funzionale e nuovi contenuti. Predisponi il codice per una futura internazionalizzazione, senza implementare ora lingue aggiuntive se la card non lo richiede.
- Non modificare funzionalità, regole di gioco, API, schema dati, configurazioni o componenti non necessari alla card.
- Non cancellare o rinominare codice, migrazioni, dati, test o funzioni esistenti senza una motivazione tecnica esplicita e verificata.
- Prima di creare qualcosa, controlla cosa esiste già e riusa pattern, moduli e componenti compatibili.
- Mantieni compatibilità con le funzionalità esistenti e non anticipare card o milestone successive.
- Non inserire segreti nel codice, nei log, nei test, nei commit o nella documentazione.
- Non usare Makefile, il comando `make` o wrapper equivalenti. Usa i normali comandi `docker compose` definiti dal progetto.
- Non presupporre servizi installati localmente: esegui backend, worker, database, Redis, migrazioni e test attraverso Docker Compose, salvo attività puramente frontend già previste diversamente dal repository.
- Se manca un servizio o un comando Compose necessario, aggiorna `compose.yaml` e la documentazione in modo minimale e coerente con lo scope.

INCARICO
- Card Trello: EP05-02 — Ledger crediti
- Dipendenze dichiarate: EP03-05, EP04-04

Prima di modificare il codice:
1. analizza la struttura del progetto aperto e individua tutti i file coinvolti nella card;
2. leggi il README e la documentazione architetturale o tecnica effettivamente presenti e pertinenti;
3. verifica cosa esiste già ed evita implementazioni duplicate;
4. controlla che le dipendenze funzionali dichiarate siano già implementate; se manca una dipendenza bloccante, fermati e descrivi con precisione cosa manca;
5. indicami brevemente il piano che seguirai prima di applicare le modifiche;
6. riusa pattern, servizi e componenti già adottati quando sono compatibili;
7. non introdurre segreti, credenziali, dipendenze non necessarie o modifiche fuori scope.

USER STORY
Come amministratore e partecipante vogliamo rose valide e crediti tracciabili.

ATTIVITÀ RICHIESTE
- Registrare saldo tramite movimenti immutabili e causali.
- Aggiungere API, UI e test di concorrenza quando applicabile.

VINCOLI DI IMPLEMENTAZIONE
- Rispetta il monolite modulare API-first, i confini di dominio e il modello dati approvati.
- Le autorizzazioni e le validazioni decisive devono essere applicate lato server.
- Le operazioni che cambiano crediti, rose, mercato, risultati o configurazioni devono essere atomiche e auditabili.
- Mantieni retrocompatibilità con migrazioni e API esistenti; se non è possibile, documenta esplicitamente la decisione.
- Non implementare funzionalità appartenenti a card successive.
- Aggiungi log e metriche utili senza esporre dati personali o segreti.

CRITERI DI ACCETTAZIONE
- Saldo ricostruibile; nessun aggiornamento diretto opaco.
- Vincoli applicati anche lato server.

TEST MINIMI
- Test unitari delle regole e delle validazioni introdotte.
- Test del flusso UI positivo, vuoto, errore e permessi insufficienti.
- Test di migrazione, vincoli, transazioni e idempotenza dove applicabile.
- Test concorrenti: nessuna doppia assegnazione, operazione parziale o saldo non valido.

DELIVERABLE ATTESI
- Codice applicativo e configurazioni nel modulo coerente con l’architettura approvata.
- API/servizi di dominio, validazioni e documentazione tecnica aggiornata.
- Interfaccia web/mobile con stati di caricamento, vuoto, errore e successo.
- Migrazione database e aggiornamento del modello dati.
- Test automatici e breve evidenza di verifica collegabile alla card.

CHIUSURA DEL LAVORO
- Esegui lint, type-check, test pertinenti e build dei moduli toccati usando i comandi ordinari `docker compose`; non usare `make`.
- Riporta file modificati, migrazioni, comandi eseguiti e relativi esiti.
- Spiega le decisioni tecniche non ovvie e gli eventuali rischi residui.
- Se qualcosa non è verificabile nell’ambiente disponibile, dichiaralo chiaramente senza simulare un esito positivo.
- Non creare commit o push se non richiesto espressamente.
",M2 — Ready,"M2, EP05, Must, Backend, Frontend, Database",,,24
EP05-03 — Inserimento manuale rose,"CODICE: EP05-03

USER STORY
Come amministratore e partecipante vogliamo rose valide e crediti tracciabili.

OBIETTIVO E SCOPE
- Consentire all’admin di assegnare/rimuovere giocatori e crediti.
- Aggiungere API, UI e test di concorrenza quando applicabile.

CRITERI DI ACCETTAZIONE
- Ogni modifica è validata e auditata.
- Vincoli applicati anche lato server.

TEST MINIMI
- Test unitari delle regole e delle validazioni introdotte.
- Test del flusso UI positivo, vuoto, errore e permessi insufficienti.
- Test di migrazione, vincoli, transazioni e idempotenza dove applicabile.

DELIVERABLE
- Codice applicativo e configurazioni nel modulo coerente con l’architettura approvata.
- API/servizi di dominio, validazioni e documentazione tecnica aggiornata.
- Interfaccia web/mobile con stati di caricamento, vuoto, errore e successo.
- Migrazione database e aggiornamento del modello dati.
- Test automatici e breve evidenza di verifica collegabile alla card.

DIPENDENZE
EP03-05, EP04-04

STIMA INIZIALE
2–4 giorni

PROMPT CURSOR
CONTESTO STANDARD — FANTAPPERÒ
Stai lavorando su FantApperò, una piattaforma fantasy football web con backend Python/FastAPI, frontend React/TypeScript, PostgreSQL, Redis, worker asincroni e integrazione centralizzata con API-Football. L’architettura approvata è un monolite modulare API-first. Gli ambienti locali e i servizi applicativi devono essere gestiti con Docker e Docker Compose.

REGOLE GENERALI OBBLIGATORIE
- Usa l’italiano come lingua predefinita per interfaccia, messaggi utente, dati seed, documentazione funzionale e nuovi contenuti. Predisponi il codice per una futura internazionalizzazione, senza implementare ora lingue aggiuntive se la card non lo richiede.
- Non modificare funzionalità, regole di gioco, API, schema dati, configurazioni o componenti non necessari alla card.
- Non cancellare o rinominare codice, migrazioni, dati, test o funzioni esistenti senza una motivazione tecnica esplicita e verificata.
- Prima di creare qualcosa, controlla cosa esiste già e riusa pattern, moduli e componenti compatibili.
- Mantieni compatibilità con le funzionalità esistenti e non anticipare card o milestone successive.
- Non inserire segreti nel codice, nei log, nei test, nei commit o nella documentazione.
- Non usare Makefile, il comando `make` o wrapper equivalenti. Usa i normali comandi `docker compose` definiti dal progetto.
- Non presupporre servizi installati localmente: esegui backend, worker, database, Redis, migrazioni e test attraverso Docker Compose, salvo attività puramente frontend già previste diversamente dal repository.
- Se manca un servizio o un comando Compose necessario, aggiorna `compose.yaml` e la documentazione in modo minimale e coerente con lo scope.

INCARICO
- Card Trello: EP05-03 — Inserimento manuale rose
- Dipendenze dichiarate: EP03-05, EP04-04

Prima di modificare il codice:
1. analizza la struttura del progetto aperto e individua tutti i file coinvolti nella card;
2. leggi il README e la documentazione architetturale o tecnica effettivamente presenti e pertinenti;
3. verifica cosa esiste già ed evita implementazioni duplicate;
4. controlla che le dipendenze funzionali dichiarate siano già implementate; se manca una dipendenza bloccante, fermati e descrivi con precisione cosa manca;
5. indicami brevemente il piano che seguirai prima di applicare le modifiche;
6. riusa pattern, servizi e componenti già adottati quando sono compatibili;
7. non introdurre segreti, credenziali, dipendenze non necessarie o modifiche fuori scope.

USER STORY
Come amministratore e partecipante vogliamo rose valide e crediti tracciabili.

ATTIVITÀ RICHIESTE
- Consentire all’admin di assegnare/rimuovere giocatori e crediti.
- Aggiungere API, UI e test di concorrenza quando applicabile.

VINCOLI DI IMPLEMENTAZIONE
- Rispetta il monolite modulare API-first, i confini di dominio e il modello dati approvati.
- Le autorizzazioni e le validazioni decisive devono essere applicate lato server.
- Le operazioni che cambiano crediti, rose, mercato, risultati o configurazioni devono essere atomiche e auditabili.
- Mantieni retrocompatibilità con migrazioni e API esistenti; se non è possibile, documenta esplicitamente la decisione.
- Non implementare funzionalità appartenenti a card successive.
- Aggiungi log e metriche utili senza esporre dati personali o segreti.

CRITERI DI ACCETTAZIONE
- Ogni modifica è validata e auditata.
- Vincoli applicati anche lato server.

TEST MINIMI
- Test unitari delle regole e delle validazioni introdotte.
- Test del flusso UI positivo, vuoto, errore e permessi insufficienti.
- Test di migrazione, vincoli, transazioni e idempotenza dove applicabile.

DELIVERABLE ATTESI
- Codice applicativo e configurazioni nel modulo coerente con l’architettura approvata.
- API/servizi di dominio, validazioni e documentazione tecnica aggiornata.
- Interfaccia web/mobile con stati di caricamento, vuoto, errore e successo.
- Migrazione database e aggiornamento del modello dati.
- Test automatici e breve evidenza di verifica collegabile alla card.

CHIUSURA DEL LAVORO
- Esegui lint, type-check, test pertinenti e build dei moduli toccati usando i comandi ordinari `docker compose`; non usare `make`.
- Riporta file modificati, migrazioni, comandi eseguiti e relativi esiti.
- Spiega le decisioni tecniche non ovvie e gli eventuali rischi residui.
- Se qualcosa non è verificabile nell’ambiente disponibile, dichiaralo chiaramente senza simulare un esito positivo.
- Non creare commit o push se non richiesto espressamente.
",M2 — Ready,"M2, EP05, Must, Backend, Frontend, Database",,,25
EP05-04 — Import CSV con anteprima,"CODICE: EP05-04

USER STORY
Come amministratore e partecipante vogliamo rose valide e crediti tracciabili.

OBIETTIVO E SCOPE
- Caricare rose e crediti con mapping, preview ed errori per riga.
- Aggiungere API, UI e test di concorrenza quando applicabile.

CRITERI DI ACCETTAZIONE
- Nessuna scrittura prima della conferma; import atomico.
- Vincoli applicati anche lato server.

TEST MINIMI
- Test unitari delle regole e delle validazioni introdotte.
- Test del flusso UI positivo, vuoto, errore e permessi insufficienti.
- Test di migrazione, vincoli, transazioni e idempotenza dove applicabile.

DELIVERABLE
- Codice applicativo e configurazioni nel modulo coerente con l’architettura approvata.
- API/servizi di dominio, validazioni e documentazione tecnica aggiornata.
- Interfaccia web/mobile con stati di caricamento, vuoto, errore e successo.
- Migrazione database e aggiornamento del modello dati.
- Test automatici e breve evidenza di verifica collegabile alla card.

DIPENDENZE
EP03-05, EP04-04

STIMA INIZIALE
2–4 giorni

PROMPT CURSOR
CONTESTO STANDARD — FANTAPPERÒ
Stai lavorando su FantApperò, una piattaforma fantasy football web con backend Python/FastAPI, frontend React/TypeScript, PostgreSQL, Redis, worker asincroni e integrazione centralizzata con API-Football. L’architettura approvata è un monolite modulare API-first. Gli ambienti locali e i servizi applicativi devono essere gestiti con Docker e Docker Compose.

REGOLE GENERALI OBBLIGATORIE
- Usa l’italiano come lingua predefinita per interfaccia, messaggi utente, dati seed, documentazione funzionale e nuovi contenuti. Predisponi il codice per una futura internazionalizzazione, senza implementare ora lingue aggiuntive se la card non lo richiede.
- Non modificare funzionalità, regole di gioco, API, schema dati, configurazioni o componenti non necessari alla card.
- Non cancellare o rinominare codice, migrazioni, dati, test o funzioni esistenti senza una motivazione tecnica esplicita e verificata.
- Prima di creare qualcosa, controlla cosa esiste già e riusa pattern, moduli e componenti compatibili.
- Mantieni compatibilità con le funzionalità esistenti e non anticipare card o milestone successive.
- Non inserire segreti nel codice, nei log, nei test, nei commit o nella documentazione.
- Non usare Makefile, il comando `make` o wrapper equivalenti. Usa i normali comandi `docker compose` definiti dal progetto.
- Non presupporre servizi installati localmente: esegui backend, worker, database, Redis, migrazioni e test attraverso Docker Compose, salvo attività puramente frontend già previste diversamente dal repository.
- Se manca un servizio o un comando Compose necessario, aggiorna `compose.yaml` e la documentazione in modo minimale e coerente con lo scope.

INCARICO
- Card Trello: EP05-04 — Import CSV con anteprima
- Dipendenze dichiarate: EP03-05, EP04-04

Prima di modificare il codice:
1. analizza la struttura del progetto aperto e individua tutti i file coinvolti nella card;
2. leggi il README e la documentazione architetturale o tecnica effettivamente presenti e pertinenti;
3. verifica cosa esiste già ed evita implementazioni duplicate;
4. controlla che le dipendenze funzionali dichiarate siano già implementate; se manca una dipendenza bloccante, fermati e descrivi con precisione cosa manca;
5. indicami brevemente il piano che seguirai prima di applicare le modifiche;
6. riusa pattern, servizi e componenti già adottati quando sono compatibili;
7. non introdurre segreti, credenziali, dipendenze non necessarie o modifiche fuori scope.

USER STORY
Come amministratore e partecipante vogliamo rose valide e crediti tracciabili.

ATTIVITÀ RICHIESTE
- Caricare rose e crediti con mapping, preview ed errori per riga.
- Aggiungere API, UI e test di concorrenza quando applicabile.

VINCOLI DI IMPLEMENTAZIONE
- Rispetta il monolite modulare API-first, i confini di dominio e il modello dati approvati.
- Le autorizzazioni e le validazioni decisive devono essere applicate lato server.
- Le operazioni che cambiano crediti, rose, mercato, risultati o configurazioni devono essere atomiche e auditabili.
- Mantieni retrocompatibilità con migrazioni e API esistenti; se non è possibile, documenta esplicitamente la decisione.
- Non implementare funzionalità appartenenti a card successive.
- Aggiungi log e metriche utili senza esporre dati personali o segreti.

CRITERI DI ACCETTAZIONE
- Nessuna scrittura prima della conferma; import atomico.
- Vincoli applicati anche lato server.

TEST MINIMI
- Test unitari delle regole e delle validazioni introdotte.
- Test del flusso UI positivo, vuoto, errore e permessi insufficienti.
- Test di migrazione, vincoli, transazioni e idempotenza dove applicabile.

DELIVERABLE ATTESI
- Codice applicativo e configurazioni nel modulo coerente con l’architettura approvata.
- API/servizi di dominio, validazioni e documentazione tecnica aggiornata.
- Interfaccia web/mobile con stati di caricamento, vuoto, errore e successo.
- Migrazione database e aggiornamento del modello dati.
- Test automatici e breve evidenza di verifica collegabile alla card.

CHIUSURA DEL LAVORO
- Esegui lint, type-check, test pertinenti e build dei moduli toccati usando i comandi ordinari `docker compose`; non usare `make`.
- Riporta file modificati, migrazioni, comandi eseguiti e relativi esiti.
- Spiega le decisioni tecniche non ovvie e gli eventuali rischi residui.
- Se qualcosa non è verificabile nell’ambiente disponibile, dichiaralo chiaramente senza simulare un esito positivo.
- Non creare commit o push se non richiesto espressamente.
",M2 — Ready,"M2, EP05, Must, Backend, Frontend, Database",,,26
EP05-05 — Validazione composizione rosa,"CODICE: EP05-05

USER STORY
Come amministratore e partecipante vogliamo rose valide e crediti tracciabili.

OBIETTIVO E SCOPE
- Applicare totale e limiti 3P–11D–11C–10A configurabili.
- Aggiungere API, UI e test di concorrenza quando applicabile.

CRITERI DI ACCETTAZIONE
- Rosa incompleta ammessa durante asta, non all’avvio.
- Vincoli applicati anche lato server.

TEST MINIMI
- Test unitari delle regole e delle validazioni introdotte.
- Test del flusso UI positivo, vuoto, errore e permessi insufficienti.
- Test di migrazione, vincoli, transazioni e idempotenza dove applicabile.
- Test concorrenti: nessuna doppia assegnazione, operazione parziale o saldo non valido.

DELIVERABLE
- Codice applicativo e configurazioni nel modulo coerente con l’architettura approvata.
- API/servizi di dominio, validazioni e documentazione tecnica aggiornata.
- Interfaccia web/mobile con stati di caricamento, vuoto, errore e successo.
- Migrazione database e aggiornamento del modello dati.
- Test automatici e breve evidenza di verifica collegabile alla card.

DIPENDENZE
EP03-05, EP04-04

STIMA INIZIALE
2–4 giorni

PROMPT CURSOR
CONTESTO STANDARD — FANTAPPERÒ
Stai lavorando su FantApperò, una piattaforma fantasy football web con backend Python/FastAPI, frontend React/TypeScript, PostgreSQL, Redis, worker asincroni e integrazione centralizzata con API-Football. L’architettura approvata è un monolite modulare API-first. Gli ambienti locali e i servizi applicativi devono essere gestiti con Docker e Docker Compose.

REGOLE GENERALI OBBLIGATORIE
- Usa l’italiano come lingua predefinita per interfaccia, messaggi utente, dati seed, documentazione funzionale e nuovi contenuti. Predisponi il codice per una futura internazionalizzazione, senza implementare ora lingue aggiuntive se la card non lo richiede.
- Non modificare funzionalità, regole di gioco, API, schema dati, configurazioni o componenti non necessari alla card.
- Non cancellare o rinominare codice, migrazioni, dati, test o funzioni esistenti senza una motivazione tecnica esplicita e verificata.
- Prima di creare qualcosa, controlla cosa esiste già e riusa pattern, moduli e componenti compatibili.
- Mantieni compatibilità con le funzionalità esistenti e non anticipare card o milestone successive.
- Non inserire segreti nel codice, nei log, nei test, nei commit o nella documentazione.
- Non usare Makefile, il comando `make` o wrapper equivalenti. Usa i normali comandi `docker compose` definiti dal progetto.
- Non presupporre servizi installati localmente: esegui backend, worker, database, Redis, migrazioni e test attraverso Docker Compose, salvo attività puramente frontend già previste diversamente dal repository.
- Se manca un servizio o un comando Compose necessario, aggiorna `compose.yaml` e la documentazione in modo minimale e coerente con lo scope.

INCARICO
- Card Trello: EP05-05 — Validazione composizione rosa
- Dipendenze dichiarate: EP03-05, EP04-04

Prima di modificare il codice:
1. analizza la struttura del progetto aperto e individua tutti i file coinvolti nella card;
2. leggi il README e la documentazione architetturale o tecnica effettivamente presenti e pertinenti;
3. verifica cosa esiste già ed evita implementazioni duplicate;
4. controlla che le dipendenze funzionali dichiarate siano già implementate; se manca una dipendenza bloccante, fermati e descrivi con precisione cosa manca;
5. indicami brevemente il piano che seguirai prima di applicare le modifiche;
6. riusa pattern, servizi e componenti già adottati quando sono compatibili;
7. non introdurre segreti, credenziali, dipendenze non necessarie o modifiche fuori scope.

USER STORY
Come amministratore e partecipante vogliamo rose valide e crediti tracciabili.

ATTIVITÀ RICHIESTE
- Applicare totale e limiti 3P–11D–11C–10A configurabili.
- Aggiungere API, UI e test di concorrenza quando applicabile.

VINCOLI DI IMPLEMENTAZIONE
- Rispetta il monolite modulare API-first, i confini di dominio e il modello dati approvati.
- Le autorizzazioni e le validazioni decisive devono essere applicate lato server.
- Le operazioni che cambiano crediti, rose, mercato, risultati o configurazioni devono essere atomiche e auditabili.
- Mantieni retrocompatibilità con migrazioni e API esistenti; se non è possibile, documenta esplicitamente la decisione.
- Non implementare funzionalità appartenenti a card successive.
- Aggiungi log e metriche utili senza esporre dati personali o segreti.

CRITERI DI ACCETTAZIONE
- Rosa incompleta ammessa durante asta, non all’avvio.
- Vincoli applicati anche lato server.

TEST MINIMI
- Test unitari delle regole e delle validazioni introdotte.
- Test del flusso UI positivo, vuoto, errore e permessi insufficienti.
- Test di migrazione, vincoli, transazioni e idempotenza dove applicabile.
- Test concorrenti: nessuna doppia assegnazione, operazione parziale o saldo non valido.

DELIVERABLE ATTESI
- Codice applicativo e configurazioni nel modulo coerente con l’architettura approvata.
- API/servizi di dominio, validazioni e documentazione tecnica aggiornata.
- Interfaccia web/mobile con stati di caricamento, vuoto, errore e successo.
- Migrazione database e aggiornamento del modello dati.
- Test automatici e breve evidenza di verifica collegabile alla card.

CHIUSURA DEL LAVORO
- Esegui lint, type-check, test pertinenti e build dei moduli toccati usando i comandi ordinari `docker compose`; non usare `make`.
- Riporta file modificati, migrazioni, comandi eseguiti e relativi esiti.
- Spiega le decisioni tecniche non ovvie e gli eventuali rischi residui.
- Se qualcosa non è verificabile nell’ambiente disponibile, dichiaralo chiaramente senza simulare un esito positivo.
- Non creare commit o push se non richiesto espressamente.
",M2 — Ready,"M2, EP05, Must, Backend, Frontend, Database",,,27
EP05-06 — Storico rosa e snapshot,"CODICE: EP05-06

USER STORY
Come amministratore e partecipante vogliamo rose valide e crediti tracciabili.

OBIETTIVO E SCOPE
- Conservare intervalli di possesso e snapshot per turno.
- Aggiungere API, UI e test di concorrenza quando applicabile.

CRITERI DI ACCETTAZIONE
- Un risultato storico resta ricostruibile dopo mercato e trasferimenti.
- Vincoli applicati anche lato server.

TEST MINIMI
- Test unitari delle regole e delle validazioni introdotte.
- Test del flusso UI positivo, vuoto, errore e permessi insufficienti.
- Test di migrazione, vincoli, transazioni e idempotenza dove applicabile.
- Test concorrenti: nessuna doppia assegnazione, operazione parziale o saldo non valido.

DELIVERABLE
- Codice applicativo e configurazioni nel modulo coerente con l’architettura approvata.
- API/servizi di dominio, validazioni e documentazione tecnica aggiornata.
- Interfaccia web/mobile con stati di caricamento, vuoto, errore e successo.
- Migrazione database e aggiornamento del modello dati.
- Test automatici e breve evidenza di verifica collegabile alla card.

DIPENDENZE
EP03-05, EP04-04

STIMA INIZIALE
2–4 giorni

PROMPT CURSOR
CONTESTO STANDARD — FANTAPPERÒ
Stai lavorando su FantApperò, una piattaforma fantasy football web con backend Python/FastAPI, frontend React/TypeScript, PostgreSQL, Redis, worker asincroni e integrazione centralizzata con API-Football. L’architettura approvata è un monolite modulare API-first. Gli ambienti locali e i servizi applicativi devono essere gestiti con Docker e Docker Compose.

REGOLE GENERALI OBBLIGATORIE
- Usa l’italiano come lingua predefinita per interfaccia, messaggi utente, dati seed, documentazione funzionale e nuovi contenuti. Predisponi il codice per una futura internazionalizzazione, senza implementare ora lingue aggiuntive se la card non lo richiede.
- Non modificare funzionalità, regole di gioco, API, schema dati, configurazioni o componenti non necessari alla card.
- Non cancellare o rinominare codice, migrazioni, dati, test o funzioni esistenti senza una motivazione tecnica esplicita e verificata.
- Prima di creare qualcosa, controlla cosa esiste già e riusa pattern, moduli e componenti compatibili.
- Mantieni compatibilità con le funzionalità esistenti e non anticipare card o milestone successive.
- Non inserire segreti nel codice, nei log, nei test, nei commit o nella documentazione.
- Non usare Makefile, il comando `make` o wrapper equivalenti. Usa i normali comandi `docker compose` definiti dal progetto.
- Non presupporre servizi installati localmente: esegui backend, worker, database, Redis, migrazioni e test attraverso Docker Compose, salvo attività puramente frontend già previste diversamente dal repository.
- Se manca un servizio o un comando Compose necessario, aggiorna `compose.yaml` e la documentazione in modo minimale e coerente con lo scope.

INCARICO
- Card Trello: EP05-06 — Storico rosa e snapshot
- Dipendenze dichiarate: EP03-05, EP04-04

Prima di modificare il codice:
1. analizza la struttura del progetto aperto e individua tutti i file coinvolti nella card;
2. leggi il README e la documentazione architetturale o tecnica effettivamente presenti e pertinenti;
3. verifica cosa esiste già ed evita implementazioni duplicate;
4. controlla che le dipendenze funzionali dichiarate siano già implementate; se manca una dipendenza bloccante, fermati e descrivi con precisione cosa manca;
5. indicami brevemente il piano che seguirai prima di applicare le modifiche;
6. riusa pattern, servizi e componenti già adottati quando sono compatibili;
7. non introdurre segreti, credenziali, dipendenze non necessarie o modifiche fuori scope.

USER STORY
Come amministratore e partecipante vogliamo rose valide e crediti tracciabili.

ATTIVITÀ RICHIESTE
- Conservare intervalli di possesso e snapshot per turno.
- Aggiungere API, UI e test di concorrenza quando applicabile.

VINCOLI DI IMPLEMENTAZIONE
- Rispetta il monolite modulare API-first, i confini di dominio e il modello dati approvati.
- Le autorizzazioni e le validazioni decisive devono essere applicate lato server.
- Le operazioni che cambiano crediti, rose, mercato, risultati o configurazioni devono essere atomiche e auditabili.
- Mantieni retrocompatibilità con migrazioni e API esistenti; se non è possibile, documenta esplicitamente la decisione.
- Non implementare funzionalità appartenenti a card successive.
- Aggiungi log e metriche utili senza esporre dati personali o segreti.

CRITERI DI ACCETTAZIONE
- Un risultato storico resta ricostruibile dopo mercato e trasferimenti.
- Vincoli applicati anche lato server.

TEST MINIMI
- Test unitari delle regole e delle validazioni introdotte.
- Test del flusso UI positivo, vuoto, errore e permessi insufficienti.
- Test di migrazione, vincoli, transazioni e idempotenza dove applicabile.
- Test concorrenti: nessuna doppia assegnazione, operazione parziale o saldo non valido.

DELIVERABLE ATTESI
- Codice applicativo e configurazioni nel modulo coerente con l’architettura approvata.
- API/servizi di dominio, validazioni e documentazione tecnica aggiornata.
- Interfaccia web/mobile con stati di caricamento, vuoto, errore e successo.
- Migrazione database e aggiornamento del modello dati.
- Test automatici e breve evidenza di verifica collegabile alla card.

CHIUSURA DEL LAVORO
- Esegui lint, type-check, test pertinenti e build dei moduli toccati usando i comandi ordinari `docker compose`; non usare `make`.
- Riporta file modificati, migrazioni, comandi eseguiti e relativi esiti.
- Spiega le decisioni tecniche non ovvie e gli eventuali rischi residui.
- Se qualcosa non è verificabile nell’ambiente disponibile, dichiaralo chiaramente senza simulare un esito positivo.
- Non creare commit o push se non richiesto espressamente.
",M2 — Ready,"M2, EP05, Must, Backend, Frontend, Database",,,28
EP06-01 — Generazione turno europeo,"CODICE: EP06-01

USER STORY
Come fantallenatore voglio gestire la formazione durante un turno europeo senza vantaggi retroattivi.

OBIETTIVO E SCOPE
- Raggruppare fixture dei campionati selezionati nella finestra di lega.
- Implementare motore regole condiviso tra API e UI.
- Aggiungere test con kickoff simultanei e fusi orari.

CRITERI DI ACCETTAZIONE
- Turno ha cutoff e stato coerenti anche con orari modificati.
- Il server rifiuta ogni modifica fuori tempo.

TEST MINIMI
- Test unitari delle regole e delle validazioni introdotte.
- Test del flusso UI positivo, vuoto, errore e permessi insufficienti.
- Test di integrazione e regressione sui casi limite indicati nei criteri di accettazione.

DELIVERABLE
- Codice applicativo e configurazioni nel modulo coerente con l’architettura approvata.
- API/servizi di dominio, validazioni e documentazione tecnica aggiornata.
- Interfaccia web/mobile con stati di caricamento, vuoto, errore e successo.
- Test automatici e breve evidenza di verifica collegabile alla card.

DIPENDENZE
EP05-05, EP04-05

STIMA INIZIALE
2–4 giorni

PROMPT CURSOR
CONTESTO STANDARD — FANTAPPERÒ
Stai lavorando su FantApperò, una piattaforma fantasy football web con backend Python/FastAPI, frontend React/TypeScript, PostgreSQL, Redis, worker asincroni e integrazione centralizzata con API-Football. L’architettura approvata è un monolite modulare API-first. Gli ambienti locali e i servizi applicativi devono essere gestiti con Docker e Docker Compose.

REGOLE GENERALI OBBLIGATORIE
- Usa l’italiano come lingua predefinita per interfaccia, messaggi utente, dati seed, documentazione funzionale e nuovi contenuti. Predisponi il codice per una futura internazionalizzazione, senza implementare ora lingue aggiuntive se la card non lo richiede.
- Non modificare funzionalità, regole di gioco, API, schema dati, configurazioni o componenti non necessari alla card.
- Non cancellare o rinominare codice, migrazioni, dati, test o funzioni esistenti senza una motivazione tecnica esplicita e verificata.
- Prima di creare qualcosa, controlla cosa esiste già e riusa pattern, moduli e componenti compatibili.
- Mantieni compatibilità con le funzionalità esistenti e non anticipare card o milestone successive.
- Non inserire segreti nel codice, nei log, nei test, nei commit o nella documentazione.
- Non usare Makefile, il comando `make` o wrapper equivalenti. Usa i normali comandi `docker compose` definiti dal progetto.
- Non presupporre servizi installati localmente: esegui backend, worker, database, Redis, migrazioni e test attraverso Docker Compose, salvo attività puramente frontend già previste diversamente dal repository.
- Se manca un servizio o un comando Compose necessario, aggiorna `compose.yaml` e la documentazione in modo minimale e coerente con lo scope.

INCARICO
- Card Trello: EP06-01 — Generazione turno europeo
- Dipendenze dichiarate: EP05-05, EP04-05

Prima di modificare il codice:
1. analizza la struttura del progetto aperto e individua tutti i file coinvolti nella card;
2. leggi il README e la documentazione architetturale o tecnica effettivamente presenti e pertinenti;
3. verifica cosa esiste già ed evita implementazioni duplicate;
4. controlla che le dipendenze funzionali dichiarate siano già implementate; se manca una dipendenza bloccante, fermati e descrivi con precisione cosa manca;
5. indicami brevemente il piano che seguirai prima di applicare le modifiche;
6. riusa pattern, servizi e componenti già adottati quando sono compatibili;
7. non introdurre segreti, credenziali, dipendenze non necessarie o modifiche fuori scope.

USER STORY
Come fantallenatore voglio gestire la formazione durante un turno europeo senza vantaggi retroattivi.

ATTIVITÀ RICHIESTE
- Raggruppare fixture dei campionati selezionati nella finestra di lega.
- Implementare motore regole condiviso tra API e UI.
- Aggiungere test con kickoff simultanei e fusi orari.

VINCOLI DI IMPLEMENTAZIONE
- Rispetta il monolite modulare API-first, i confini di dominio e il modello dati approvati.
- Le autorizzazioni e le validazioni decisive devono essere applicate lato server.
- Le operazioni che cambiano crediti, rose, mercato, risultati o configurazioni devono essere atomiche e auditabili.
- Mantieni retrocompatibilità con migrazioni e API esistenti; se non è possibile, documenta esplicitamente la decisione.
- Non implementare funzionalità appartenenti a card successive.
- Aggiungi log e metriche utili senza esporre dati personali o segreti.

CRITERI DI ACCETTAZIONE
- Turno ha cutoff e stato coerenti anche con orari modificati.
- Il server rifiuta ogni modifica fuori tempo.

TEST MINIMI
- Test unitari delle regole e delle validazioni introdotte.
- Test del flusso UI positivo, vuoto, errore e permessi insufficienti.
- Test di integrazione e regressione sui casi limite indicati nei criteri di accettazione.

DELIVERABLE ATTESI
- Codice applicativo e configurazioni nel modulo coerente con l’architettura approvata.
- API/servizi di dominio, validazioni e documentazione tecnica aggiornata.
- Interfaccia web/mobile con stati di caricamento, vuoto, errore e successo.
- Test automatici e breve evidenza di verifica collegabile alla card.

CHIUSURA DEL LAVORO
- Esegui lint, type-check, test pertinenti e build dei moduli toccati usando i comandi ordinari `docker compose`; non usare `make`.
- Riporta file modificati, migrazioni, comandi eseguiti e relativi esiti.
- Spiega le decisioni tecniche non ovvie e gli eventuali rischi residui.
- Se qualcosa non è verificabile nell’ambiente disponibile, dichiaralo chiaramente senza simulare un esito positivo.
- Non creare commit o push se non richiesto espressamente.
",M2 — Ready,"M2, EP06, Must, Backend, Frontend, QA",,,29
EP06-02 — Moduli validi e schieramento,"CODICE: EP06-02

USER STORY
Come fantallenatore voglio gestire la formazione durante un turno europeo senza vantaggi retroattivi.

OBIETTIVO E SCOPE
- Supportare i 7 moduli approvati e vincoli P–D–C–A.
- Implementare motore regole condiviso tra API e UI.
- Aggiungere test con kickoff simultanei e fusi orari.

CRITERI DI ACCETTAZIONE
- Formazioni non compatibili sono rifiutate con motivazione.
- Il server rifiuta ogni modifica fuori tempo.

TEST MINIMI
- Test unitari delle regole e delle validazioni introdotte.
- Test del flusso UI positivo, vuoto, errore e permessi insufficienti.
- Test di integrazione e regressione sui casi limite indicati nei criteri di accettazione.

DELIVERABLE
- Codice applicativo e configurazioni nel modulo coerente con l’architettura approvata.
- API/servizi di dominio, validazioni e documentazione tecnica aggiornata.
- Interfaccia web/mobile con stati di caricamento, vuoto, errore e successo.
- Test automatici e breve evidenza di verifica collegabile alla card.

DIPENDENZE
EP05-05, EP04-05

STIMA INIZIALE
2–4 giorni

PROMPT CURSOR
CONTESTO STANDARD — FANTAPPERÒ
Stai lavorando su FantApperò, una piattaforma fantasy football web con backend Python/FastAPI, frontend React/TypeScript, PostgreSQL, Redis, worker asincroni e integrazione centralizzata con API-Football. L’architettura approvata è un monolite modulare API-first. Gli ambienti locali e i servizi applicativi devono essere gestiti con Docker e Docker Compose.

REGOLE GENERALI OBBLIGATORIE
- Usa l’italiano come lingua predefinita per interfaccia, messaggi utente, dati seed, documentazione funzionale e nuovi contenuti. Predisponi il codice per una futura internazionalizzazione, senza implementare ora lingue aggiuntive se la card non lo richiede.
- Non modificare funzionalità, regole di gioco, API, schema dati, configurazioni o componenti non necessari alla card.
- Non cancellare o rinominare codice, migrazioni, dati, test o funzioni esistenti senza una motivazione tecnica esplicita e verificata.
- Prima di creare qualcosa, controlla cosa esiste già e riusa pattern, moduli e componenti compatibili.
- Mantieni compatibilità con le funzionalità esistenti e non anticipare card o milestone successive.
- Non inserire segreti nel codice, nei log, nei test, nei commit o nella documentazione.
- Non usare Makefile, il comando `make` o wrapper equivalenti. Usa i normali comandi `docker compose` definiti dal progetto.
- Non presupporre servizi installati localmente: esegui backend, worker, database, Redis, migrazioni e test attraverso Docker Compose, salvo attività puramente frontend già previste diversamente dal repository.
- Se manca un servizio o un comando Compose necessario, aggiorna `compose.yaml` e la documentazione in modo minimale e coerente con lo scope.

INCARICO
- Card Trello: EP06-02 — Moduli validi e schieramento
- Dipendenze dichiarate: EP05-05, EP04-05

Prima di modificare il codice:
1. analizza la struttura del progetto aperto e individua tutti i file coinvolti nella card;
2. leggi il README e la documentazione architetturale o tecnica effettivamente presenti e pertinenti;
3. verifica cosa esiste già ed evita implementazioni duplicate;
4. controlla che le dipendenze funzionali dichiarate siano già implementate; se manca una dipendenza bloccante, fermati e descrivi con precisione cosa manca;
5. indicami brevemente il piano che seguirai prima di applicare le modifiche;
6. riusa pattern, servizi e componenti già adottati quando sono compatibili;
7. non introdurre segreti, credenziali, dipendenze non necessarie o modifiche fuori scope.

USER STORY
Come fantallenatore voglio gestire la formazione durante un turno europeo senza vantaggi retroattivi.

ATTIVITÀ RICHIESTE
- Supportare i 7 moduli approvati e vincoli P–D–C–A.
- Implementare motore regole condiviso tra API e UI.
- Aggiungere test con kickoff simultanei e fusi orari.

VINCOLI DI IMPLEMENTAZIONE
- Rispetta il monolite modulare API-first, i confini di dominio e il modello dati approvati.
- Le autorizzazioni e le validazioni decisive devono essere applicate lato server.
- Le operazioni che cambiano crediti, rose, mercato, risultati o configurazioni devono essere atomiche e auditabili.
- Mantieni retrocompatibilità con migrazioni e API esistenti; se non è possibile, documenta esplicitamente la decisione.
- Non implementare funzionalità appartenenti a card successive.
- Aggiungi log e metriche utili senza esporre dati personali o segreti.

CRITERI DI ACCETTAZIONE
- Formazioni non compatibili sono rifiutate con motivazione.
- Il server rifiuta ogni modifica fuori tempo.

TEST MINIMI
- Test unitari delle regole e delle validazioni introdotte.
- Test del flusso UI positivo, vuoto, errore e permessi insufficienti.
- Test di integrazione e regressione sui casi limite indicati nei criteri di accettazione.

DELIVERABLE ATTESI
- Codice applicativo e configurazioni nel modulo coerente con l’architettura approvata.
- API/servizi di dominio, validazioni e documentazione tecnica aggiornata.
- Interfaccia web/mobile con stati di caricamento, vuoto, errore e successo.
- Test automatici e breve evidenza di verifica collegabile alla card.

CHIUSURA DEL LAVORO
- Esegui lint, type-check, test pertinenti e build dei moduli toccati usando i comandi ordinari `docker compose`; non usare `make`.
- Riporta file modificati, migrazioni, comandi eseguiti e relativi esiti.
- Spiega le decisioni tecniche non ovvie e gli eventuali rischi residui.
- Se qualcosa non è verificabile nell’ambiente disponibile, dichiaralo chiaramente senza simulare un esito positivo.
- Non creare commit o push se non richiesto espressamente.
",M2 — Ready,"M2, EP06, Must, Backend, Frontend, QA",,,30
EP06-03 — Formazione progressiva per kickoff,"CODICE: EP06-03

USER STORY
Come fantallenatore voglio gestire la formazione durante un turno europeo senza vantaggi retroattivi.

OBIETTIVO E SCOPE
- Bloccare solo i giocatori la cui partita è iniziata.
- Implementare motore regole condiviso tra API e UI.
- Aggiungere test con kickoff simultanei e fusi orari.

CRITERI DI ACCETTAZIONE
- Giocatori futuri restano modificabili; timestamp server autorevole.
- Il server rifiuta ogni modifica fuori tempo.

TEST MINIMI
- Test unitari delle regole e delle validazioni introdotte.
- Test del flusso UI positivo, vuoto, errore e permessi insufficienti.
- Test di integrazione e regressione sui casi limite indicati nei criteri di accettazione.

DELIVERABLE
- Codice applicativo e configurazioni nel modulo coerente con l’architettura approvata.
- API/servizi di dominio, validazioni e documentazione tecnica aggiornata.
- Interfaccia web/mobile con stati di caricamento, vuoto, errore e successo.
- Test automatici e breve evidenza di verifica collegabile alla card.

DIPENDENZE
EP05-05, EP04-05

STIMA INIZIALE
2–4 giorni

PROMPT CURSOR
CONTESTO STANDARD — FANTAPPERÒ
Stai lavorando su FantApperò, una piattaforma fantasy football web con backend Python/FastAPI, frontend React/TypeScript, PostgreSQL, Redis, worker asincroni e integrazione centralizzata con API-Football. L’architettura approvata è un monolite modulare API-first. Gli ambienti locali e i servizi applicativi devono essere gestiti con Docker e Docker Compose.

REGOLE GENERALI OBBLIGATORIE
- Usa l’italiano come lingua predefinita per interfaccia, messaggi utente, dati seed, documentazione funzionale e nuovi contenuti. Predisponi il codice per una futura internazionalizzazione, senza implementare ora lingue aggiuntive se la card non lo richiede.
- Non modificare funzionalità, regole di gioco, API, schema dati, configurazioni o componenti non necessari alla card.
- Non cancellare o rinominare codice, migrazioni, dati, test o funzioni esistenti senza una motivazione tecnica esplicita e verificata.
- Prima di creare qualcosa, controlla cosa esiste già e riusa pattern, moduli e componenti compatibili.
- Mantieni compatibilità con le funzionalità esistenti e non anticipare card o milestone successive.
- Non inserire segreti nel codice, nei log, nei test, nei commit o nella documentazione.
- Non usare Makefile, il comando `make` o wrapper equivalenti. Usa i normali comandi `docker compose` definiti dal progetto.
- Non presupporre servizi installati localmente: esegui backend, worker, database, Redis, migrazioni e test attraverso Docker Compose, salvo attività puramente frontend già previste diversamente dal repository.
- Se manca un servizio o un comando Compose necessario, aggiorna `compose.yaml` e la documentazione in modo minimale e coerente con lo scope.

INCARICO
- Card Trello: EP06-03 — Formazione progressiva per kickoff
- Dipendenze dichiarate: EP05-05, EP04-05

Prima di modificare il codice:
1. analizza la struttura del progetto aperto e individua tutti i file coinvolti nella card;
2. leggi il README e la documentazione architetturale o tecnica effettivamente presenti e pertinenti;
3. verifica cosa esiste già ed evita implementazioni duplicate;
4. controlla che le dipendenze funzionali dichiarate siano già implementate; se manca una dipendenza bloccante, fermati e descrivi con precisione cosa manca;
5. indicami brevemente il piano che seguirai prima di applicare le modifiche;
6. riusa pattern, servizi e componenti già adottati quando sono compatibili;
7. non introdurre segreti, credenziali, dipendenze non necessarie o modifiche fuori scope.

USER STORY
Come fantallenatore voglio gestire la formazione durante un turno europeo senza vantaggi retroattivi.

ATTIVITÀ RICHIESTE
- Bloccare solo i giocatori la cui partita è iniziata.
- Implementare motore regole condiviso tra API e UI.
- Aggiungere test con kickoff simultanei e fusi orari.

VINCOLI DI IMPLEMENTAZIONE
- Rispetta il monolite modulare API-first, i confini di dominio e il modello dati approvati.
- Le autorizzazioni e le validazioni decisive devono essere applicate lato server.
- Le operazioni che cambiano crediti, rose, mercato, risultati o configurazioni devono essere atomiche e auditabili.
- Mantieni retrocompatibilità con migrazioni e API esistenti; se non è possibile, documenta esplicitamente la decisione.
- Non implementare funzionalità appartenenti a card successive.
- Aggiungi log e metriche utili senza esporre dati personali o segreti.

CRITERI DI ACCETTAZIONE
- Giocatori futuri restano modificabili; timestamp server autorevole.
- Il server rifiuta ogni modifica fuori tempo.

TEST MINIMI
- Test unitari delle regole e delle validazioni introdotte.
- Test del flusso UI positivo, vuoto, errore e permessi insufficienti.
- Test di integrazione e regressione sui casi limite indicati nei criteri di accettazione.

DELIVERABLE ATTESI
- Codice applicativo e configurazioni nel modulo coerente con l’architettura approvata.
- API/servizi di dominio, validazioni e documentazione tecnica aggiornata.
- Interfaccia web/mobile con stati di caricamento, vuoto, errore e successo.
- Test automatici e breve evidenza di verifica collegabile alla card.

CHIUSURA DEL LAVORO
- Esegui lint, type-check, test pertinenti e build dei moduli toccati usando i comandi ordinari `docker compose`; non usare `make`.
- Riporta file modificati, migrazioni, comandi eseguiti e relativi esiti.
- Spiega le decisioni tecniche non ovvie e gli eventuali rischi residui.
- Se qualcosa non è verificabile nell’ambiente disponibile, dichiaralo chiaramente senza simulare un esito positivo.
- Non creare commit o push se non richiesto espressamente.
",M2 — Ready,"M2, EP06, Must, Backend, Frontend, QA",,,31
EP06-04 — Panchina e ordine sostituzioni,"CODICE: EP06-04

USER STORY
Come fantallenatore voglio gestire la formazione durante un turno europeo senza vantaggi retroattivi.

OBIETTIVO E SCOPE
- Gestire panchina ordinata e fino a 5 sostituzioni automatiche.
- Implementare motore regole condiviso tra API e UI.
- Aggiungere test con kickoff simultanei e fusi orari.

CRITERI DI ACCETTAZIONE
- Subentri rispettano ruolo, modulo e ordine.
- Il server rifiuta ogni modifica fuori tempo.

TEST MINIMI
- Test unitari delle regole e delle validazioni introdotte.
- Test del flusso UI positivo, vuoto, errore e permessi insufficienti.
- Test di integrazione e regressione sui casi limite indicati nei criteri di accettazione.

DELIVERABLE
- Codice applicativo e configurazioni nel modulo coerente con l’architettura approvata.
- API/servizi di dominio, validazioni e documentazione tecnica aggiornata.
- Interfaccia web/mobile con stati di caricamento, vuoto, errore e successo.
- Test automatici e breve evidenza di verifica collegabile alla card.

DIPENDENZE
EP05-05, EP04-05

STIMA INIZIALE
2–4 giorni

PROMPT CURSOR
CONTESTO STANDARD — FANTAPPERÒ
Stai lavorando su FantApperò, una piattaforma fantasy football web con backend Python/FastAPI, frontend React/TypeScript, PostgreSQL, Redis, worker asincroni e integrazione centralizzata con API-Football. L’architettura approvata è un monolite modulare API-first. Gli ambienti locali e i servizi applicativi devono essere gestiti con Docker e Docker Compose.

REGOLE GENERALI OBBLIGATORIE
- Usa l’italiano come lingua predefinita per interfaccia, messaggi utente, dati seed, documentazione funzionale e nuovi contenuti. Predisponi il codice per una futura internazionalizzazione, senza implementare ora lingue aggiuntive se la card non lo richiede.
- Non modificare funzionalità, regole di gioco, API, schema dati, configurazioni o componenti non necessari alla card.
- Non cancellare o rinominare codice, migrazioni, dati, test o funzioni esistenti senza una motivazione tecnica esplicita e verificata.
- Prima di creare qualcosa, controlla cosa esiste già e riusa pattern, moduli e componenti compatibili.
- Mantieni compatibilità con le funzionalità esistenti e non anticipare card o milestone successive.
- Non inserire segreti nel codice, nei log, nei test, nei commit o nella documentazione.
- Non usare Makefile, il comando `make` o wrapper equivalenti. Usa i normali comandi `docker compose` definiti dal progetto.
- Non presupporre servizi installati localmente: esegui backend, worker, database, Redis, migrazioni e test attraverso Docker Compose, salvo attività puramente frontend già previste diversamente dal repository.
- Se manca un servizio o un comando Compose necessario, aggiorna `compose.yaml` e la documentazione in modo minimale e coerente con lo scope.

INCARICO
- Card Trello: EP06-04 — Panchina e ordine sostituzioni
- Dipendenze dichiarate: EP05-05, EP04-05

Prima di modificare il codice:
1. analizza la struttura del progetto aperto e individua tutti i file coinvolti nella card;
2. leggi il README e la documentazione architetturale o tecnica effettivamente presenti e pertinenti;
3. verifica cosa esiste già ed evita implementazioni duplicate;
4. controlla che le dipendenze funzionali dichiarate siano già implementate; se manca una dipendenza bloccante, fermati e descrivi con precisione cosa manca;
5. indicami brevemente il piano che seguirai prima di applicare le modifiche;
6. riusa pattern, servizi e componenti già adottati quando sono compatibili;
7. non introdurre segreti, credenziali, dipendenze non necessarie o modifiche fuori scope.

USER STORY
Come fantallenatore voglio gestire la formazione durante un turno europeo senza vantaggi retroattivi.

ATTIVITÀ RICHIESTE
- Gestire panchina ordinata e fino a 5 sostituzioni automatiche.
- Implementare motore regole condiviso tra API e UI.
- Aggiungere test con kickoff simultanei e fusi orari.

VINCOLI DI IMPLEMENTAZIONE
- Rispetta il monolite modulare API-first, i confini di dominio e il modello dati approvati.
- Le autorizzazioni e le validazioni decisive devono essere applicate lato server.
- Le operazioni che cambiano crediti, rose, mercato, risultati o configurazioni devono essere atomiche e auditabili.
- Mantieni retrocompatibilità con migrazioni e API esistenti; se non è possibile, documenta esplicitamente la decisione.
- Non implementare funzionalità appartenenti a card successive.
- Aggiungi log e metriche utili senza esporre dati personali o segreti.

CRITERI DI ACCETTAZIONE
- Subentri rispettano ruolo, modulo e ordine.
- Il server rifiuta ogni modifica fuori tempo.

TEST MINIMI
- Test unitari delle regole e delle validazioni introdotte.
- Test del flusso UI positivo, vuoto, errore e permessi insufficienti.
- Test di integrazione e regressione sui casi limite indicati nei criteri di accettazione.

DELIVERABLE ATTESI
- Codice applicativo e configurazioni nel modulo coerente con l’architettura approvata.
- API/servizi di dominio, validazioni e documentazione tecnica aggiornata.
- Interfaccia web/mobile con stati di caricamento, vuoto, errore e successo.
- Test automatici e breve evidenza di verifica collegabile alla card.

CHIUSURA DEL LAVORO
- Esegui lint, type-check, test pertinenti e build dei moduli toccati usando i comandi ordinari `docker compose`; non usare `make`.
- Riporta file modificati, migrazioni, comandi eseguiti e relativi esiti.
- Spiega le decisioni tecniche non ovvie e gli eventuali rischi residui.
- Se qualcosa non è verificabile nell’ambiente disponibile, dichiaralo chiaramente senza simulare un esito positivo.
- Non creare commit o push se non richiesto espressamente.
",M2 — Ready,"M2, EP06, Must, Backend, Frontend, QA",,,32
EP06-05 — Tre mosse tattiche,"CODICE: EP06-05

USER STORY
Come fantallenatore voglio gestire la formazione durante un turno europeo senza vantaggi retroattivi.

OBIETTIVO E SCOPE
- Registrare mosse disponibili, uso e validità temporale.
- Implementare motore regole condiviso tra API e UI.
- Aggiungere test con kickoff simultanei e fusi orari.

CRITERI DI ACCETTAZIONE
- Non più di 3; nessuna mossa retroattiva su giocatori bloccati.
- Il server rifiuta ogni modifica fuori tempo.

TEST MINIMI
- Test unitari delle regole e delle validazioni introdotte.
- Test del flusso UI positivo, vuoto, errore e permessi insufficienti.
- Test di integrazione e regressione sui casi limite indicati nei criteri di accettazione.

DELIVERABLE
- Codice applicativo e configurazioni nel modulo coerente con l’architettura approvata.
- API/servizi di dominio, validazioni e documentazione tecnica aggiornata.
- Interfaccia web/mobile con stati di caricamento, vuoto, errore e successo.
- Test automatici e breve evidenza di verifica collegabile alla card.

DIPENDENZE
EP05-05, EP04-05

STIMA INIZIALE
2–4 giorni

PROMPT CURSOR
CONTESTO STANDARD — FANTAPPERÒ
Stai lavorando su FantApperò, una piattaforma fantasy football web con backend Python/FastAPI, frontend React/TypeScript, PostgreSQL, Redis, worker asincroni e integrazione centralizzata con API-Football. L’architettura approvata è un monolite modulare API-first. Gli ambienti locali e i servizi applicativi devono essere gestiti con Docker e Docker Compose.

REGOLE GENERALI OBBLIGATORIE
- Usa l’italiano come lingua predefinita per interfaccia, messaggi utente, dati seed, documentazione funzionale e nuovi contenuti. Predisponi il codice per una futura internazionalizzazione, senza implementare ora lingue aggiuntive se la card non lo richiede.
- Non modificare funzionalità, regole di gioco, API, schema dati, configurazioni o componenti non necessari alla card.
- Non cancellare o rinominare codice, migrazioni, dati, test o funzioni esistenti senza una motivazione tecnica esplicita e verificata.
- Prima di creare qualcosa, controlla cosa esiste già e riusa pattern, moduli e componenti compatibili.
- Mantieni compatibilità con le funzionalità esistenti e non anticipare card o milestone successive.
- Non inserire segreti nel codice, nei log, nei test, nei commit o nella documentazione.
- Non usare Makefile, il comando `make` o wrapper equivalenti. Usa i normali comandi `docker compose` definiti dal progetto.
- Non presupporre servizi installati localmente: esegui backend, worker, database, Redis, migrazioni e test attraverso Docker Compose, salvo attività puramente frontend già previste diversamente dal repository.
- Se manca un servizio o un comando Compose necessario, aggiorna `compose.yaml` e la documentazione in modo minimale e coerente con lo scope.

INCARICO
- Card Trello: EP06-05 — Tre mosse tattiche
- Dipendenze dichiarate: EP05-05, EP04-05

Prima di modificare il codice:
1. analizza la struttura del progetto aperto e individua tutti i file coinvolti nella card;
2. leggi il README e la documentazione architetturale o tecnica effettivamente presenti e pertinenti;
3. verifica cosa esiste già ed evita implementazioni duplicate;
4. controlla che le dipendenze funzionali dichiarate siano già implementate; se manca una dipendenza bloccante, fermati e descrivi con precisione cosa manca;
5. indicami brevemente il piano che seguirai prima di applicare le modifiche;
6. riusa pattern, servizi e componenti già adottati quando sono compatibili;
7. non introdurre segreti, credenziali, dipendenze non necessarie o modifiche fuori scope.

USER STORY
Come fantallenatore voglio gestire la formazione durante un turno europeo senza vantaggi retroattivi.

ATTIVITÀ RICHIESTE
- Registrare mosse disponibili, uso e validità temporale.
- Implementare motore regole condiviso tra API e UI.
- Aggiungere test con kickoff simultanei e fusi orari.

VINCOLI DI IMPLEMENTAZIONE
- Rispetta il monolite modulare API-first, i confini di dominio e il modello dati approvati.
- Le autorizzazioni e le validazioni decisive devono essere applicate lato server.
- Le operazioni che cambiano crediti, rose, mercato, risultati o configurazioni devono essere atomiche e auditabili.
- Mantieni retrocompatibilità con migrazioni e API esistenti; se non è possibile, documenta esplicitamente la decisione.
- Non implementare funzionalità appartenenti a card successive.
- Aggiungi log e metriche utili senza esporre dati personali o segreti.

CRITERI DI ACCETTAZIONE
- Non più di 3; nessuna mossa retroattiva su giocatori bloccati.
- Il server rifiuta ogni modifica fuori tempo.

TEST MINIMI
- Test unitari delle regole e delle validazioni introdotte.
- Test del flusso UI positivo, vuoto, errore e permessi insufficienti.
- Test di integrazione e regressione sui casi limite indicati nei criteri di accettazione.

DELIVERABLE ATTESI
- Codice applicativo e configurazioni nel modulo coerente con l’architettura approvata.
- API/servizi di dominio, validazioni e documentazione tecnica aggiornata.
- Interfaccia web/mobile con stati di caricamento, vuoto, errore e successo.
- Test automatici e breve evidenza di verifica collegabile alla card.

CHIUSURA DEL LAVORO
- Esegui lint, type-check, test pertinenti e build dei moduli toccati usando i comandi ordinari `docker compose`; non usare `make`.
- Riporta file modificati, migrazioni, comandi eseguiti e relativi esiti.
- Spiega le decisioni tecniche non ovvie e gli eventuali rischi residui.
- Se qualcosa non è verificabile nell’ambiente disponibile, dichiaralo chiaramente senza simulare un esito positivo.
- Non creare commit o push se non richiesto espressamente.
",M2 — Ready,"M2, EP06, Must, Backend, Frontend, QA",,,33
EP06-06 — Formazione precedente e bozze,"CODICE: EP06-06

USER STORY
Come fantallenatore voglio gestire la formazione durante un turno europeo senza vantaggi retroattivi.

OBIETTIVO E SCOPE
- Consentire copia della formazione e salvataggio bozza.
- Implementare motore regole condiviso tra API e UI.
- Aggiungere test con kickoff simultanei e fusi orari.

CRITERI DI ACCETTAZIONE
- La copia viene rivalidata contro rosa e disponibilità correnti.
- Il server rifiuta ogni modifica fuori tempo.

TEST MINIMI
- Test unitari delle regole e delle validazioni introdotte.
- Test del flusso UI positivo, vuoto, errore e permessi insufficienti.
- Test di integrazione e regressione sui casi limite indicati nei criteri di accettazione.

DELIVERABLE
- Codice applicativo e configurazioni nel modulo coerente con l’architettura approvata.
- API/servizi di dominio, validazioni e documentazione tecnica aggiornata.
- Interfaccia web/mobile con stati di caricamento, vuoto, errore e successo.
- Test automatici e breve evidenza di verifica collegabile alla card.

DIPENDENZE
EP05-05, EP04-05

STIMA INIZIALE
2–4 giorni

PROMPT CURSOR
CONTESTO STANDARD — FANTAPPERÒ
Stai lavorando su FantApperò, una piattaforma fantasy football web con backend Python/FastAPI, frontend React/TypeScript, PostgreSQL, Redis, worker asincroni e integrazione centralizzata con API-Football. L’architettura approvata è un monolite modulare API-first. Gli ambienti locali e i servizi applicativi devono essere gestiti con Docker e Docker Compose.

REGOLE GENERALI OBBLIGATORIE
- Usa l’italiano come lingua predefinita per interfaccia, messaggi utente, dati seed, documentazione funzionale e nuovi contenuti. Predisponi il codice per una futura internazionalizzazione, senza implementare ora lingue aggiuntive se la card non lo richiede.
- Non modificare funzionalità, regole di gioco, API, schema dati, configurazioni o componenti non necessari alla card.
- Non cancellare o rinominare codice, migrazioni, dati, test o funzioni esistenti senza una motivazione tecnica esplicita e verificata.
- Prima di creare qualcosa, controlla cosa esiste già e riusa pattern, moduli e componenti compatibili.
- Mantieni compatibilità con le funzionalità esistenti e non anticipare card o milestone successive.
- Non inserire segreti nel codice, nei log, nei test, nei commit o nella documentazione.
- Non usare Makefile, il comando `make` o wrapper equivalenti. Usa i normali comandi `docker compose` definiti dal progetto.
- Non presupporre servizi installati localmente: esegui backend, worker, database, Redis, migrazioni e test attraverso Docker Compose, salvo attività puramente frontend già previste diversamente dal repository.
- Se manca un servizio o un comando Compose necessario, aggiorna `compose.yaml` e la documentazione in modo minimale e coerente con lo scope.

INCARICO
- Card Trello: EP06-06 — Formazione precedente e bozze
- Dipendenze dichiarate: EP05-05, EP04-05

Prima di modificare il codice:
1. analizza la struttura del progetto aperto e individua tutti i file coinvolti nella card;
2. leggi il README e la documentazione architetturale o tecnica effettivamente presenti e pertinenti;
3. verifica cosa esiste già ed evita implementazioni duplicate;
4. controlla che le dipendenze funzionali dichiarate siano già implementate; se manca una dipendenza bloccante, fermati e descrivi con precisione cosa manca;
5. indicami brevemente il piano che seguirai prima di applicare le modifiche;
6. riusa pattern, servizi e componenti già adottati quando sono compatibili;
7. non introdurre segreti, credenziali, dipendenze non necessarie o modifiche fuori scope.

USER STORY
Come fantallenatore voglio gestire la formazione durante un turno europeo senza vantaggi retroattivi.

ATTIVITÀ RICHIESTE
- Consentire copia della formazione e salvataggio bozza.
- Implementare motore regole condiviso tra API e UI.
- Aggiungere test con kickoff simultanei e fusi orari.

VINCOLI DI IMPLEMENTAZIONE
- Rispetta il monolite modulare API-first, i confini di dominio e il modello dati approvati.
- Le autorizzazioni e le validazioni decisive devono essere applicate lato server.
- Le operazioni che cambiano crediti, rose, mercato, risultati o configurazioni devono essere atomiche e auditabili.
- Mantieni retrocompatibilità con migrazioni e API esistenti; se non è possibile, documenta esplicitamente la decisione.
- Non implementare funzionalità appartenenti a card successive.
- Aggiungi log e metriche utili senza esporre dati personali o segreti.

CRITERI DI ACCETTAZIONE
- La copia viene rivalidata contro rosa e disponibilità correnti.
- Il server rifiuta ogni modifica fuori tempo.

TEST MINIMI
- Test unitari delle regole e delle validazioni introdotte.
- Test del flusso UI positivo, vuoto, errore e permessi insufficienti.
- Test di integrazione e regressione sui casi limite indicati nei criteri di accettazione.

DELIVERABLE ATTESI
- Codice applicativo e configurazioni nel modulo coerente con l’architettura approvata.
- API/servizi di dominio, validazioni e documentazione tecnica aggiornata.
- Interfaccia web/mobile con stati di caricamento, vuoto, errore e successo.
- Test automatici e breve evidenza di verifica collegabile alla card.

CHIUSURA DEL LAVORO
- Esegui lint, type-check, test pertinenti e build dei moduli toccati usando i comandi ordinari `docker compose`; non usare `make`.
- Riporta file modificati, migrazioni, comandi eseguiti e relativi esiti.
- Spiega le decisioni tecniche non ovvie e gli eventuali rischi residui.
- Se qualcosa non è verificabile nell’ambiente disponibile, dichiaralo chiaramente senza simulare un esito positivo.
- Non creare commit o push se non richiesto espressamente.
",M2 — Ready,"M2, EP06, Must, Backend, Frontend, QA",,,34
EP06-07 — Rinvii e variazioni orario,"CODICE: EP06-07

USER STORY
Come fantallenatore voglio gestire la formazione durante un turno europeo senza vantaggi retroattivi.

OBIETTIVO E SCOPE
- Ricalcolare cutoff senza sbloccare azioni già consumate impropriamente.
- Implementare motore regole condiviso tra API e UI.
- Aggiungere test con kickoff simultanei e fusi orari.

CRITERI DI ACCETTAZIONE
- Regole deterministiche e auditabili per ogni variazione.
- Il server rifiuta ogni modifica fuori tempo.

TEST MINIMI
- Test unitari delle regole e delle validazioni introdotte.
- Test del flusso UI positivo, vuoto, errore e permessi insufficienti.
- Test di integrazione e regressione sui casi limite indicati nei criteri di accettazione.

DELIVERABLE
- Codice applicativo e configurazioni nel modulo coerente con l’architettura approvata.
- API/servizi di dominio, validazioni e documentazione tecnica aggiornata.
- Interfaccia web/mobile con stati di caricamento, vuoto, errore e successo.
- Test automatici e breve evidenza di verifica collegabile alla card.

DIPENDENZE
EP05-05, EP04-05

STIMA INIZIALE
2–4 giorni

PROMPT CURSOR
CONTESTO STANDARD — FANTAPPERÒ
Stai lavorando su FantApperò, una piattaforma fantasy football web con backend Python/FastAPI, frontend React/TypeScript, PostgreSQL, Redis, worker asincroni e integrazione centralizzata con API-Football. L’architettura approvata è un monolite modulare API-first. Gli ambienti locali e i servizi applicativi devono essere gestiti con Docker e Docker Compose.

REGOLE GENERALI OBBLIGATORIE
- Usa l’italiano come lingua predefinita per interfaccia, messaggi utente, dati seed, documentazione funzionale e nuovi contenuti. Predisponi il codice per una futura internazionalizzazione, senza implementare ora lingue aggiuntive se la card non lo richiede.
- Non modificare funzionalità, regole di gioco, API, schema dati, configurazioni o componenti non necessari alla card.
- Non cancellare o rinominare codice, migrazioni, dati, test o funzioni esistenti senza una motivazione tecnica esplicita e verificata.
- Prima di creare qualcosa, controlla cosa esiste già e riusa pattern, moduli e componenti compatibili.
- Mantieni compatibilità con le funzionalità esistenti e non anticipare card o milestone successive.
- Non inserire segreti nel codice, nei log, nei test, nei commit o nella documentazione.
- Non usare Makefile, il comando `make` o wrapper equivalenti. Usa i normali comandi `docker compose` definiti dal progetto.
- Non presupporre servizi installati localmente: esegui backend, worker, database, Redis, migrazioni e test attraverso Docker Compose, salvo attività puramente frontend già previste diversamente dal repository.
- Se manca un servizio o un comando Compose necessario, aggiorna `compose.yaml` e la documentazione in modo minimale e coerente con lo scope.

INCARICO
- Card Trello: EP06-07 — Rinvii e variazioni orario
- Dipendenze dichiarate: EP05-05, EP04-05

Prima di modificare il codice:
1. analizza la struttura del progetto aperto e individua tutti i file coinvolti nella card;
2. leggi il README e la documentazione architetturale o tecnica effettivamente presenti e pertinenti;
3. verifica cosa esiste già ed evita implementazioni duplicate;
4. controlla che le dipendenze funzionali dichiarate siano già implementate; se manca una dipendenza bloccante, fermati e descrivi con precisione cosa manca;
5. indicami brevemente il piano che seguirai prima di applicare le modifiche;
6. riusa pattern, servizi e componenti già adottati quando sono compatibili;
7. non introdurre segreti, credenziali, dipendenze non necessarie o modifiche fuori scope.

USER STORY
Come fantallenatore voglio gestire la formazione durante un turno europeo senza vantaggi retroattivi.

ATTIVITÀ RICHIESTE
- Ricalcolare cutoff senza sbloccare azioni già consumate impropriamente.
- Implementare motore regole condiviso tra API e UI.
- Aggiungere test con kickoff simultanei e fusi orari.

VINCOLI DI IMPLEMENTAZIONE
- Rispetta il monolite modulare API-first, i confini di dominio e il modello dati approvati.
- Le autorizzazioni e le validazioni decisive devono essere applicate lato server.
- Le operazioni che cambiano crediti, rose, mercato, risultati o configurazioni devono essere atomiche e auditabili.
- Mantieni retrocompatibilità con migrazioni e API esistenti; se non è possibile, documenta esplicitamente la decisione.
- Non implementare funzionalità appartenenti a card successive.
- Aggiungi log e metriche utili senza esporre dati personali o segreti.

CRITERI DI ACCETTAZIONE
- Regole deterministiche e auditabili per ogni variazione.
- Il server rifiuta ogni modifica fuori tempo.

TEST MINIMI
- Test unitari delle regole e delle validazioni introdotte.
- Test del flusso UI positivo, vuoto, errore e permessi insufficienti.
- Test di integrazione e regressione sui casi limite indicati nei criteri di accettazione.

DELIVERABLE ATTESI
- Codice applicativo e configurazioni nel modulo coerente con l’architettura approvata.
- API/servizi di dominio, validazioni e documentazione tecnica aggiornata.
- Interfaccia web/mobile con stati di caricamento, vuoto, errore e successo.
- Test automatici e breve evidenza di verifica collegabile alla card.

CHIUSURA DEL LAVORO
- Esegui lint, type-check, test pertinenti e build dei moduli toccati usando i comandi ordinari `docker compose`; non usare `make`.
- Riporta file modificati, migrazioni, comandi eseguiti e relativi esiti.
- Spiega le decisioni tecniche non ovvie e gli eventuali rischi residui.
- Se qualcosa non è verificabile nell’ambiente disponibile, dichiaralo chiaramente senza simulare un esito positivo.
- Non creare commit o push se non richiesto espressamente.
",M2 — Ready,"M2, EP06, Must, Backend, Frontend, QA",,,35
EP07-01 — Formula Rating versionata,"CODICE: EP07-01

USER STORY
Come lega vogliamo risultati deterministici, spiegabili e ricostruibili.

OBIETTIVO E SCOPE
- Implementare base 6, range 3–10, pesi per ruolo e componenti spiegabili.
- Creare servizio puro di dominio e job asincrono.
- Aggiungere golden test sui payload dello spike.

CRITERI DI ACCETTAZIONE
- Ogni voto conserva formula, input e componenti.
- Golden test e test di idempotenza superati.

TEST MINIMI
- Test unitari delle regole e delle validazioni introdotte.
- Test di migrazione, vincoli, transazioni e idempotenza dove applicabile.
- Test di integrazione e regressione sui casi limite indicati nei criteri di accettazione.

DELIVERABLE
- Codice applicativo e configurazioni nel modulo coerente con l’architettura approvata.
- API/servizi di dominio, validazioni e documentazione tecnica aggiornata.
- Migrazione database e aggiornamento del modello dati.
- Test automatici e breve evidenza di verifica collegabile alla card.

DIPENDENZE
EP00-05, EP06, EP04-05

STIMA INIZIALE
2–4 giorni

PROMPT CURSOR
CONTESTO STANDARD — FANTAPPERÒ
Stai lavorando su FantApperò, una piattaforma fantasy football web con backend Python/FastAPI, frontend React/TypeScript, PostgreSQL, Redis, worker asincroni e integrazione centralizzata con API-Football. L’architettura approvata è un monolite modulare API-first. Gli ambienti locali e i servizi applicativi devono essere gestiti con Docker e Docker Compose.

REGOLE GENERALI OBBLIGATORIE
- Usa l’italiano come lingua predefinita per interfaccia, messaggi utente, dati seed, documentazione funzionale e nuovi contenuti. Predisponi il codice per una futura internazionalizzazione, senza implementare ora lingue aggiuntive se la card non lo richiede.
- Non modificare funzionalità, regole di gioco, API, schema dati, configurazioni o componenti non necessari alla card.
- Non cancellare o rinominare codice, migrazioni, dati, test o funzioni esistenti senza una motivazione tecnica esplicita e verificata.
- Prima di creare qualcosa, controlla cosa esiste già e riusa pattern, moduli e componenti compatibili.
- Mantieni compatibilità con le funzionalità esistenti e non anticipare card o milestone successive.
- Non inserire segreti nel codice, nei log, nei test, nei commit o nella documentazione.
- Non usare Makefile, il comando `make` o wrapper equivalenti. Usa i normali comandi `docker compose` definiti dal progetto.
- Non presupporre servizi installati localmente: esegui backend, worker, database, Redis, migrazioni e test attraverso Docker Compose, salvo attività puramente frontend già previste diversamente dal repository.
- Se manca un servizio o un comando Compose necessario, aggiorna `compose.yaml` e la documentazione in modo minimale e coerente con lo scope.

INCARICO
- Card Trello: EP07-01 — Formula Rating versionata
- Dipendenze dichiarate: EP00-05, EP06, EP04-05

Prima di modificare il codice:
1. analizza la struttura del progetto aperto e individua tutti i file coinvolti nella card;
2. leggi il README e la documentazione architetturale o tecnica effettivamente presenti e pertinenti;
3. verifica cosa esiste già ed evita implementazioni duplicate;
4. controlla che le dipendenze funzionali dichiarate siano già implementate; se manca una dipendenza bloccante, fermati e descrivi con precisione cosa manca;
5. indicami brevemente il piano che seguirai prima di applicare le modifiche;
6. riusa pattern, servizi e componenti già adottati quando sono compatibili;
7. non introdurre segreti, credenziali, dipendenze non necessarie o modifiche fuori scope.

USER STORY
Come lega vogliamo risultati deterministici, spiegabili e ricostruibili.

ATTIVITÀ RICHIESTE
- Implementare base 6, range 3–10, pesi per ruolo e componenti spiegabili.
- Creare servizio puro di dominio e job asincrono.
- Aggiungere golden test sui payload dello spike.

VINCOLI DI IMPLEMENTAZIONE
- Rispetta il monolite modulare API-first, i confini di dominio e il modello dati approvati.
- Le autorizzazioni e le validazioni decisive devono essere applicate lato server.
- Le operazioni che cambiano crediti, rose, mercato, risultati o configurazioni devono essere atomiche e auditabili.
- Mantieni retrocompatibilità con migrazioni e API esistenti; se non è possibile, documenta esplicitamente la decisione.
- Non implementare funzionalità appartenenti a card successive.
- Aggiungi log e metriche utili senza esporre dati personali o segreti.

CRITERI DI ACCETTAZIONE
- Ogni voto conserva formula, input e componenti.
- Golden test e test di idempotenza superati.

TEST MINIMI
- Test unitari delle regole e delle validazioni introdotte.
- Test di migrazione, vincoli, transazioni e idempotenza dove applicabile.
- Test di integrazione e regressione sui casi limite indicati nei criteri di accettazione.

DELIVERABLE ATTESI
- Codice applicativo e configurazioni nel modulo coerente con l’architettura approvata.
- API/servizi di dominio, validazioni e documentazione tecnica aggiornata.
- Migrazione database e aggiornamento del modello dati.
- Test automatici e breve evidenza di verifica collegabile alla card.

CHIUSURA DEL LAVORO
- Esegui lint, type-check, test pertinenti e build dei moduli toccati usando i comandi ordinari `docker compose`; non usare `make`.
- Riporta file modificati, migrazioni, comandi eseguiti e relativi esiti.
- Spiega le decisioni tecniche non ovvie e gli eventuali rischi residui.
- Se qualcosa non è verificabile nell’ambiente disponibile, dichiaralo chiaramente senza simulare un esito positivo.
- Non creare commit o push se non richiesto espressamente.
",M3 — Ready,"M3, EP07, Must, Backend, Database, QA",,,36
EP07-02 — Soglia minuti e senza voto,"CODICE: EP07-02

USER STORY
Come lega vogliamo risultati deterministici, spiegabili e ricostruibili.

OBIETTIVO E SCOPE
- Applicare 15 minuti configurabili e casi evento rilevante.
- Creare servizio puro di dominio e job asincrono.
- Aggiungere golden test sui payload dello spike.

CRITERI DI ACCETTAZIONE
- Ingresso nel recupero senza evento resta senza voto.
- Golden test e test di idempotenza superati.

TEST MINIMI
- Test unitari delle regole e delle validazioni introdotte.
- Test di migrazione, vincoli, transazioni e idempotenza dove applicabile.
- Test di integrazione e regressione sui casi limite indicati nei criteri di accettazione.

DELIVERABLE
- Codice applicativo e configurazioni nel modulo coerente con l’architettura approvata.
- API/servizi di dominio, validazioni e documentazione tecnica aggiornata.
- Migrazione database e aggiornamento del modello dati.
- Test automatici e breve evidenza di verifica collegabile alla card.

DIPENDENZE
EP00-05, EP06, EP04-05

STIMA INIZIALE
2–4 giorni

PROMPT CURSOR
CONTESTO STANDARD — FANTAPPERÒ
Stai lavorando su FantApperò, una piattaforma fantasy football web con backend Python/FastAPI, frontend React/TypeScript, PostgreSQL, Redis, worker asincroni e integrazione centralizzata con API-Football. L’architettura approvata è un monolite modulare API-first. Gli ambienti locali e i servizi applicativi devono essere gestiti con Docker e Docker Compose.

REGOLE GENERALI OBBLIGATORIE
- Usa l’italiano come lingua predefinita per interfaccia, messaggi utente, dati seed, documentazione funzionale e nuovi contenuti. Predisponi il codice per una futura internazionalizzazione, senza implementare ora lingue aggiuntive se la card non lo richiede.
- Non modificare funzionalità, regole di gioco, API, schema dati, configurazioni o componenti non necessari alla card.
- Non cancellare o rinominare codice, migrazioni, dati, test o funzioni esistenti senza una motivazione tecnica esplicita e verificata.
- Prima di creare qualcosa, controlla cosa esiste già e riusa pattern, moduli e componenti compatibili.
- Mantieni compatibilità con le funzionalità esistenti e non anticipare card o milestone successive.
- Non inserire segreti nel codice, nei log, nei test, nei commit o nella documentazione.
- Non usare Makefile, il comando `make` o wrapper equivalenti. Usa i normali comandi `docker compose` definiti dal progetto.
- Non presupporre servizi installati localmente: esegui backend, worker, database, Redis, migrazioni e test attraverso Docker Compose, salvo attività puramente frontend già previste diversamente dal repository.
- Se manca un servizio o un comando Compose necessario, aggiorna `compose.yaml` e la documentazione in modo minimale e coerente con lo scope.

INCARICO
- Card Trello: EP07-02 — Soglia minuti e senza voto
- Dipendenze dichiarate: EP00-05, EP06, EP04-05

Prima di modificare il codice:
1. analizza la struttura del progetto aperto e individua tutti i file coinvolti nella card;
2. leggi il README e la documentazione architetturale o tecnica effettivamente presenti e pertinenti;
3. verifica cosa esiste già ed evita implementazioni duplicate;
4. controlla che le dipendenze funzionali dichiarate siano già implementate; se manca una dipendenza bloccante, fermati e descrivi con precisione cosa manca;
5. indicami brevemente il piano che seguirai prima di applicare le modifiche;
6. riusa pattern, servizi e componenti già adottati quando sono compatibili;
7. non introdurre segreti, credenziali, dipendenze non necessarie o modifiche fuori scope.

USER STORY
Come lega vogliamo risultati deterministici, spiegabili e ricostruibili.

ATTIVITÀ RICHIESTE
- Applicare 15 minuti configurabili e casi evento rilevante.
- Creare servizio puro di dominio e job asincrono.
- Aggiungere golden test sui payload dello spike.

VINCOLI DI IMPLEMENTAZIONE
- Rispetta il monolite modulare API-first, i confini di dominio e il modello dati approvati.
- Le autorizzazioni e le validazioni decisive devono essere applicate lato server.
- Le operazioni che cambiano crediti, rose, mercato, risultati o configurazioni devono essere atomiche e auditabili.
- Mantieni retrocompatibilità con migrazioni e API esistenti; se non è possibile, documenta esplicitamente la decisione.
- Non implementare funzionalità appartenenti a card successive.
- Aggiungi log e metriche utili senza esporre dati personali o segreti.

CRITERI DI ACCETTAZIONE
- Ingresso nel recupero senza evento resta senza voto.
- Golden test e test di idempotenza superati.

TEST MINIMI
- Test unitari delle regole e delle validazioni introdotte.
- Test di migrazione, vincoli, transazioni e idempotenza dove applicabile.
- Test di integrazione e regressione sui casi limite indicati nei criteri di accettazione.

DELIVERABLE ATTESI
- Codice applicativo e configurazioni nel modulo coerente con l’architettura approvata.
- API/servizi di dominio, validazioni e documentazione tecnica aggiornata.
- Migrazione database e aggiornamento del modello dati.
- Test automatici e breve evidenza di verifica collegabile alla card.

CHIUSURA DEL LAVORO
- Esegui lint, type-check, test pertinenti e build dei moduli toccati usando i comandi ordinari `docker compose`; non usare `make`.
- Riporta file modificati, migrazioni, comandi eseguiti e relativi esiti.
- Spiega le decisioni tecniche non ovvie e gli eventuali rischi residui.
- Se qualcosa non è verificabile nell’ambiente disponibile, dichiaralo chiaramente senza simulare un esito positivo.
- Non creare commit o push se non richiesto espressamente.
",M3 — Ready,"M3, EP07, Must, Backend, Database, QA",,,37
EP07-03 — Bonus e malus,"CODICE: EP07-03

USER STORY
Come lega vogliamo risultati deterministici, spiegabili e ricostruibili.

OBIETTIVO E SCOPE
- Applicare gol, assist, cartellini, rigori, autogol, clean sheet e gol subiti.
- Creare servizio puro di dominio e job asincrono.
- Aggiungere golden test sui payload dello spike.

CRITERI DI ACCETTAZIONE
- Nessun evento viene conteggiato due volte.
- Golden test e test di idempotenza superati.

TEST MINIMI
- Test unitari delle regole e delle validazioni introdotte.
- Test di migrazione, vincoli, transazioni e idempotenza dove applicabile.
- Test di integrazione e regressione sui casi limite indicati nei criteri di accettazione.

DELIVERABLE
- Codice applicativo e configurazioni nel modulo coerente con l’architettura approvata.
- API/servizi di dominio, validazioni e documentazione tecnica aggiornata.
- Migrazione database e aggiornamento del modello dati.
- Test automatici e breve evidenza di verifica collegabile alla card.

DIPENDENZE
EP00-05, EP06, EP04-05

STIMA INIZIALE
2–4 giorni

PROMPT CURSOR
CONTESTO STANDARD — FANTAPPERÒ
Stai lavorando su FantApperò, una piattaforma fantasy football web con backend Python/FastAPI, frontend React/TypeScript, PostgreSQL, Redis, worker asincroni e integrazione centralizzata con API-Football. L’architettura approvata è un monolite modulare API-first. Gli ambienti locali e i servizi applicativi devono essere gestiti con Docker e Docker Compose.

REGOLE GENERALI OBBLIGATORIE
- Usa l’italiano come lingua predefinita per interfaccia, messaggi utente, dati seed, documentazione funzionale e nuovi contenuti. Predisponi il codice per una futura internazionalizzazione, senza implementare ora lingue aggiuntive se la card non lo richiede.
- Non modificare funzionalità, regole di gioco, API, schema dati, configurazioni o componenti non necessari alla card.
- Non cancellare o rinominare codice, migrazioni, dati, test o funzioni esistenti senza una motivazione tecnica esplicita e verificata.
- Prima di creare qualcosa, controlla cosa esiste già e riusa pattern, moduli e componenti compatibili.
- Mantieni compatibilità con le funzionalità esistenti e non anticipare card o milestone successive.
- Non inserire segreti nel codice, nei log, nei test, nei commit o nella documentazione.
- Non usare Makefile, il comando `make` o wrapper equivalenti. Usa i normali comandi `docker compose` definiti dal progetto.
- Non presupporre servizi installati localmente: esegui backend, worker, database, Redis, migrazioni e test attraverso Docker Compose, salvo attività puramente frontend già previste diversamente dal repository.
- Se manca un servizio o un comando Compose necessario, aggiorna `compose.yaml` e la documentazione in modo minimale e coerente con lo scope.

INCARICO
- Card Trello: EP07-03 — Bonus e malus
- Dipendenze dichiarate: EP00-05, EP06, EP04-05

Prima di modificare il codice:
1. analizza la struttura del progetto aperto e individua tutti i file coinvolti nella card;
2. leggi il README e la documentazione architetturale o tecnica effettivamente presenti e pertinenti;
3. verifica cosa esiste già ed evita implementazioni duplicate;
4. controlla che le dipendenze funzionali dichiarate siano già implementate; se manca una dipendenza bloccante, fermati e descrivi con precisione cosa manca;
5. indicami brevemente il piano che seguirai prima di applicare le modifiche;
6. riusa pattern, servizi e componenti già adottati quando sono compatibili;
7. non introdurre segreti, credenziali, dipendenze non necessarie o modifiche fuori scope.

USER STORY
Come lega vogliamo risultati deterministici, spiegabili e ricostruibili.

ATTIVITÀ RICHIESTE
- Applicare gol, assist, cartellini, rigori, autogol, clean sheet e gol subiti.
- Creare servizio puro di dominio e job asincrono.
- Aggiungere golden test sui payload dello spike.

VINCOLI DI IMPLEMENTAZIONE
- Rispetta il monolite modulare API-first, i confini di dominio e il modello dati approvati.
- Le autorizzazioni e le validazioni decisive devono essere applicate lato server.
- Le operazioni che cambiano crediti, rose, mercato, risultati o configurazioni devono essere atomiche e auditabili.
- Mantieni retrocompatibilità con migrazioni e API esistenti; se non è possibile, documenta esplicitamente la decisione.
- Non implementare funzionalità appartenenti a card successive.
- Aggiungi log e metriche utili senza esporre dati personali o segreti.

CRITERI DI ACCETTAZIONE
- Nessun evento viene conteggiato due volte.
- Golden test e test di idempotenza superati.

TEST MINIMI
- Test unitari delle regole e delle validazioni introdotte.
- Test di migrazione, vincoli, transazioni e idempotenza dove applicabile.
- Test di integrazione e regressione sui casi limite indicati nei criteri di accettazione.

DELIVERABLE ATTESI
- Codice applicativo e configurazioni nel modulo coerente con l’architettura approvata.
- API/servizi di dominio, validazioni e documentazione tecnica aggiornata.
- Migrazione database e aggiornamento del modello dati.
- Test automatici e breve evidenza di verifica collegabile alla card.

CHIUSURA DEL LAVORO
- Esegui lint, type-check, test pertinenti e build dei moduli toccati usando i comandi ordinari `docker compose`; non usare `make`.
- Riporta file modificati, migrazioni, comandi eseguiti e relativi esiti.
- Spiega le decisioni tecniche non ovvie e gli eventuali rischi residui.
- Se qualcosa non è verificabile nell’ambiente disponibile, dichiaralo chiaramente senza simulare un esito positivo.
- Non creare commit o push se non richiesto espressamente.
",M3 — Ready,"M3, EP07, Must, Backend, Database, QA",,,38
EP07-04 — Sostituzioni e formazione effettiva,"CODICE: EP07-04

USER STORY
Come lega vogliamo risultati deterministici, spiegabili e ricostruibili.

OBIETTIVO E SCOPE
- Risoluzione automatica della formazione dopo i dati finali.
- Creare servizio puro di dominio e job asincrono.
- Aggiungere golden test sui payload dello spike.

CRITERI DI ACCETTAZIONE
- Massimo 5 cambi e modulo sempre valido o fallback documentato.
- Golden test e test di idempotenza superati.

TEST MINIMI
- Test unitari delle regole e delle validazioni introdotte.
- Test di migrazione, vincoli, transazioni e idempotenza dove applicabile.
- Test di integrazione e regressione sui casi limite indicati nei criteri di accettazione.

DELIVERABLE
- Codice applicativo e configurazioni nel modulo coerente con l’architettura approvata.
- API/servizi di dominio, validazioni e documentazione tecnica aggiornata.
- Migrazione database e aggiornamento del modello dati.
- Test automatici e breve evidenza di verifica collegabile alla card.

DIPENDENZE
EP00-05, EP06, EP04-05

STIMA INIZIALE
2–4 giorni

PROMPT CURSOR
CONTESTO STANDARD — FANTAPPERÒ
Stai lavorando su FantApperò, una piattaforma fantasy football web con backend Python/FastAPI, frontend React/TypeScript, PostgreSQL, Redis, worker asincroni e integrazione centralizzata con API-Football. L’architettura approvata è un monolite modulare API-first. Gli ambienti locali e i servizi applicativi devono essere gestiti con Docker e Docker Compose.

REGOLE GENERALI OBBLIGATORIE
- Usa l’italiano come lingua predefinita per interfaccia, messaggi utente, dati seed, documentazione funzionale e nuovi contenuti. Predisponi il codice per una futura internazionalizzazione, senza implementare ora lingue aggiuntive se la card non lo richiede.
- Non modificare funzionalità, regole di gioco, API, schema dati, configurazioni o componenti non necessari alla card.
- Non cancellare o rinominare codice, migrazioni, dati, test o funzioni esistenti senza una motivazione tecnica esplicita e verificata.
- Prima di creare qualcosa, controlla cosa esiste già e riusa pattern, moduli e componenti compatibili.
- Mantieni compatibilità con le funzionalità esistenti e non anticipare card o milestone successive.
- Non inserire segreti nel codice, nei log, nei test, nei commit o nella documentazione.
- Non usare Makefile, il comando `make` o wrapper equivalenti. Usa i normali comandi `docker compose` definiti dal progetto.
- Non presupporre servizi installati localmente: esegui backend, worker, database, Redis, migrazioni e test attraverso Docker Compose, salvo attività puramente frontend già previste diversamente dal repository.
- Se manca un servizio o un comando Compose necessario, aggiorna `compose.yaml` e la documentazione in modo minimale e coerente con lo scope.

INCARICO
- Card Trello: EP07-04 — Sostituzioni e formazione effettiva
- Dipendenze dichiarate: EP00-05, EP06, EP04-05

Prima di modificare il codice:
1. analizza la struttura del progetto aperto e individua tutti i file coinvolti nella card;
2. leggi il README e la documentazione architetturale o tecnica effettivamente presenti e pertinenti;
3. verifica cosa esiste già ed evita implementazioni duplicate;
4. controlla che le dipendenze funzionali dichiarate siano già implementate; se manca una dipendenza bloccante, fermati e descrivi con precisione cosa manca;
5. indicami brevemente il piano che seguirai prima di applicare le modifiche;
6. riusa pattern, servizi e componenti già adottati quando sono compatibili;
7. non introdurre segreti, credenziali, dipendenze non necessarie o modifiche fuori scope.

USER STORY
Come lega vogliamo risultati deterministici, spiegabili e ricostruibili.

ATTIVITÀ RICHIESTE
- Risoluzione automatica della formazione dopo i dati finali.
- Creare servizio puro di dominio e job asincrono.
- Aggiungere golden test sui payload dello spike.

VINCOLI DI IMPLEMENTAZIONE
- Rispetta il monolite modulare API-first, i confini di dominio e il modello dati approvati.
- Le autorizzazioni e le validazioni decisive devono essere applicate lato server.
- Le operazioni che cambiano crediti, rose, mercato, risultati o configurazioni devono essere atomiche e auditabili.
- Mantieni retrocompatibilità con migrazioni e API esistenti; se non è possibile, documenta esplicitamente la decisione.
- Non implementare funzionalità appartenenti a card successive.
- Aggiungi log e metriche utili senza esporre dati personali o segreti.

CRITERI DI ACCETTAZIONE
- Massimo 5 cambi e modulo sempre valido o fallback documentato.
- Golden test e test di idempotenza superati.

TEST MINIMI
- Test unitari delle regole e delle validazioni introdotte.
- Test di migrazione, vincoli, transazioni e idempotenza dove applicabile.
- Test di integrazione e regressione sui casi limite indicati nei criteri di accettazione.

DELIVERABLE ATTESI
- Codice applicativo e configurazioni nel modulo coerente con l’architettura approvata.
- API/servizi di dominio, validazioni e documentazione tecnica aggiornata.
- Migrazione database e aggiornamento del modello dati.
- Test automatici e breve evidenza di verifica collegabile alla card.

CHIUSURA DEL LAVORO
- Esegui lint, type-check, test pertinenti e build dei moduli toccati usando i comandi ordinari `docker compose`; non usare `make`.
- Riporta file modificati, migrazioni, comandi eseguiti e relativi esiti.
- Spiega le decisioni tecniche non ovvie e gli eventuali rischi residui.
- Se qualcosa non è verificabile nell’ambiente disponibile, dichiaralo chiaramente senza simulare un esito positivo.
- Non creare commit o push se non richiesto espressamente.
",M3 — Ready,"M3, EP07, Must, Backend, Database, QA",,,39
"EP07-05 — Punteggio, fasce gol e scontro diretto","CODICE: EP07-05

USER STORY
Come lega vogliamo risultati deterministici, spiegabili e ricostruibili.

OBIETTIVO E SCOPE
- Calcolare totale, reti fantasy ed esito incontro secondo configurazione.
- Creare servizio puro di dominio e job asincrono.
- Aggiungere golden test sui payload dello spike.

CRITERI DI ACCETTAZIONE
- Stesso input produce sempre stesso risultato.
- Golden test e test di idempotenza superati.

TEST MINIMI
- Test unitari delle regole e delle validazioni introdotte.
- Test di migrazione, vincoli, transazioni e idempotenza dove applicabile.
- Test di integrazione e regressione sui casi limite indicati nei criteri di accettazione.

DELIVERABLE
- Codice applicativo e configurazioni nel modulo coerente con l’architettura approvata.
- API/servizi di dominio, validazioni e documentazione tecnica aggiornata.
- Migrazione database e aggiornamento del modello dati.
- Test automatici e breve evidenza di verifica collegabile alla card.

DIPENDENZE
EP00-05, EP06, EP04-05

STIMA INIZIALE
2–4 giorni

PROMPT CURSOR
CONTESTO STANDARD — FANTAPPERÒ
Stai lavorando su FantApperò, una piattaforma fantasy football web con backend Python/FastAPI, frontend React/TypeScript, PostgreSQL, Redis, worker asincroni e integrazione centralizzata con API-Football. L’architettura approvata è un monolite modulare API-first. Gli ambienti locali e i servizi applicativi devono essere gestiti con Docker e Docker Compose.

REGOLE GENERALI OBBLIGATORIE
- Usa l’italiano come lingua predefinita per interfaccia, messaggi utente, dati seed, documentazione funzionale e nuovi contenuti. Predisponi il codice per una futura internazionalizzazione, senza implementare ora lingue aggiuntive se la card non lo richiede.
- Non modificare funzionalità, regole di gioco, API, schema dati, configurazioni o componenti non necessari alla card.
- Non cancellare o rinominare codice, migrazioni, dati, test o funzioni esistenti senza una motivazione tecnica esplicita e verificata.
- Prima di creare qualcosa, controlla cosa esiste già e riusa pattern, moduli e componenti compatibili.
- Mantieni compatibilità con le funzionalità esistenti e non anticipare card o milestone successive.
- Non inserire segreti nel codice, nei log, nei test, nei commit o nella documentazione.
- Non usare Makefile, il comando `make` o wrapper equivalenti. Usa i normali comandi `docker compose` definiti dal progetto.
- Non presupporre servizi installati localmente: esegui backend, worker, database, Redis, migrazioni e test attraverso Docker Compose, salvo attività puramente frontend già previste diversamente dal repository.
- Se manca un servizio o un comando Compose necessario, aggiorna `compose.yaml` e la documentazione in modo minimale e coerente con lo scope.

INCARICO
- Card Trello: EP07-05 — Punteggio, fasce gol e scontro diretto
- Dipendenze dichiarate: EP00-05, EP06, EP04-05

Prima di modificare il codice:
1. analizza la struttura del progetto aperto e individua tutti i file coinvolti nella card;
2. leggi il README e la documentazione architetturale o tecnica effettivamente presenti e pertinenti;
3. verifica cosa esiste già ed evita implementazioni duplicate;
4. controlla che le dipendenze funzionali dichiarate siano già implementate; se manca una dipendenza bloccante, fermati e descrivi con precisione cosa manca;
5. indicami brevemente il piano che seguirai prima di applicare le modifiche;
6. riusa pattern, servizi e componenti già adottati quando sono compatibili;
7. non introdurre segreti, credenziali, dipendenze non necessarie o modifiche fuori scope.

USER STORY
Come lega vogliamo risultati deterministici, spiegabili e ricostruibili.

ATTIVITÀ RICHIESTE
- Calcolare totale, reti fantasy ed esito incontro secondo configurazione.
- Creare servizio puro di dominio e job asincrono.
- Aggiungere golden test sui payload dello spike.

VINCOLI DI IMPLEMENTAZIONE
- Rispetta il monolite modulare API-first, i confini di dominio e il modello dati approvati.
- Le autorizzazioni e le validazioni decisive devono essere applicate lato server.
- Le operazioni che cambiano crediti, rose, mercato, risultati o configurazioni devono essere atomiche e auditabili.
- Mantieni retrocompatibilità con migrazioni e API esistenti; se non è possibile, documenta esplicitamente la decisione.
- Non implementare funzionalità appartenenti a card successive.
- Aggiungi log e metriche utili senza esporre dati personali o segreti.

CRITERI DI ACCETTAZIONE
- Stesso input produce sempre stesso risultato.
- Golden test e test di idempotenza superati.

TEST MINIMI
- Test unitari delle regole e delle validazioni introdotte.
- Test di migrazione, vincoli, transazioni e idempotenza dove applicabile.
- Test di integrazione e regressione sui casi limite indicati nei criteri di accettazione.

DELIVERABLE ATTESI
- Codice applicativo e configurazioni nel modulo coerente con l’architettura approvata.
- API/servizi di dominio, validazioni e documentazione tecnica aggiornata.
- Migrazione database e aggiornamento del modello dati.
- Test automatici e breve evidenza di verifica collegabile alla card.

CHIUSURA DEL LAVORO
- Esegui lint, type-check, test pertinenti e build dei moduli toccati usando i comandi ordinari `docker compose`; non usare `make`.
- Riporta file modificati, migrazioni, comandi eseguiti e relativi esiti.
- Spiega le decisioni tecniche non ovvie e gli eventuali rischi residui.
- Se qualcosa non è verificabile nell’ambiente disponibile, dichiaralo chiaramente senza simulare un esito positivo.
- Non creare commit o push se non richiesto espressamente.
",M3 — Ready,"M3, EP07, Must, Backend, Database, QA",,,40
EP07-06 — Classifica e criteri di parità,"CODICE: EP07-06

USER STORY
Come lega vogliamo risultati deterministici, spiegabili e ricostruibili.

OBIETTIVO E SCOPE
- Aggiornare punti, fatti/subiti e ordinamento.
- Creare servizio puro di dominio e job asincrono.
- Aggiungere golden test sui payload dello spike.

CRITERI DI ACCETTAZIONE
- Ricalcolo completo restituisce la stessa classifica.
- Golden test e test di idempotenza superati.

TEST MINIMI
- Test unitari delle regole e delle validazioni introdotte.
- Test di migrazione, vincoli, transazioni e idempotenza dove applicabile.
- Test di integrazione e regressione sui casi limite indicati nei criteri di accettazione.

DELIVERABLE
- Codice applicativo e configurazioni nel modulo coerente con l’architettura approvata.
- API/servizi di dominio, validazioni e documentazione tecnica aggiornata.
- Migrazione database e aggiornamento del modello dati.
- Test automatici e breve evidenza di verifica collegabile alla card.

DIPENDENZE
EP00-05, EP06, EP04-05

STIMA INIZIALE
2–4 giorni

PROMPT CURSOR
CONTESTO STANDARD — FANTAPPERÒ
Stai lavorando su FantApperò, una piattaforma fantasy football web con backend Python/FastAPI, frontend React/TypeScript, PostgreSQL, Redis, worker asincroni e integrazione centralizzata con API-Football. L’architettura approvata è un monolite modulare API-first. Gli ambienti locali e i servizi applicativi devono essere gestiti con Docker e Docker Compose.

REGOLE GENERALI OBBLIGATORIE
- Usa l’italiano come lingua predefinita per interfaccia, messaggi utente, dati seed, documentazione funzionale e nuovi contenuti. Predisponi il codice per una futura internazionalizzazione, senza implementare ora lingue aggiuntive se la card non lo richiede.
- Non modificare funzionalità, regole di gioco, API, schema dati, configurazioni o componenti non necessari alla card.
- Non cancellare o rinominare codice, migrazioni, dati, test o funzioni esistenti senza una motivazione tecnica esplicita e verificata.
- Prima di creare qualcosa, controlla cosa esiste già e riusa pattern, moduli e componenti compatibili.
- Mantieni compatibilità con le funzionalità esistenti e non anticipare card o milestone successive.
- Non inserire segreti nel codice, nei log, nei test, nei commit o nella documentazione.
- Non usare Makefile, il comando `make` o wrapper equivalenti. Usa i normali comandi `docker compose` definiti dal progetto.
- Non presupporre servizi installati localmente: esegui backend, worker, database, Redis, migrazioni e test attraverso Docker Compose, salvo attività puramente frontend già previste diversamente dal repository.
- Se manca un servizio o un comando Compose necessario, aggiorna `compose.yaml` e la documentazione in modo minimale e coerente con lo scope.

INCARICO
- Card Trello: EP07-06 — Classifica e criteri di parità
- Dipendenze dichiarate: EP00-05, EP06, EP04-05

Prima di modificare il codice:
1. analizza la struttura del progetto aperto e individua tutti i file coinvolti nella card;
2. leggi il README e la documentazione architetturale o tecnica effettivamente presenti e pertinenti;
3. verifica cosa esiste già ed evita implementazioni duplicate;
4. controlla che le dipendenze funzionali dichiarate siano già implementate; se manca una dipendenza bloccante, fermati e descrivi con precisione cosa manca;
5. indicami brevemente il piano che seguirai prima di applicare le modifiche;
6. riusa pattern, servizi e componenti già adottati quando sono compatibili;
7. non introdurre segreti, credenziali, dipendenze non necessarie o modifiche fuori scope.

USER STORY
Come lega vogliamo risultati deterministici, spiegabili e ricostruibili.

ATTIVITÀ RICHIESTE
- Aggiornare punti, fatti/subiti e ordinamento.
- Creare servizio puro di dominio e job asincrono.
- Aggiungere golden test sui payload dello spike.

VINCOLI DI IMPLEMENTAZIONE
- Rispetta il monolite modulare API-first, i confini di dominio e il modello dati approvati.
- Le autorizzazioni e le validazioni decisive devono essere applicate lato server.
- Le operazioni che cambiano crediti, rose, mercato, risultati o configurazioni devono essere atomiche e auditabili.
- Mantieni retrocompatibilità con migrazioni e API esistenti; se non è possibile, documenta esplicitamente la decisione.
- Non implementare funzionalità appartenenti a card successive.
- Aggiungi log e metriche utili senza esporre dati personali o segreti.

CRITERI DI ACCETTAZIONE
- Ricalcolo completo restituisce la stessa classifica.
- Golden test e test di idempotenza superati.

TEST MINIMI
- Test unitari delle regole e delle validazioni introdotte.
- Test di migrazione, vincoli, transazioni e idempotenza dove applicabile.
- Test di integrazione e regressione sui casi limite indicati nei criteri di accettazione.

DELIVERABLE ATTESI
- Codice applicativo e configurazioni nel modulo coerente con l’architettura approvata.
- API/servizi di dominio, validazioni e documentazione tecnica aggiornata.
- Migrazione database e aggiornamento del modello dati.
- Test automatici e breve evidenza di verifica collegabile alla card.

CHIUSURA DEL LAVORO
- Esegui lint, type-check, test pertinenti e build dei moduli toccati usando i comandi ordinari `docker compose`; non usare `make`.
- Riporta file modificati, migrazioni, comandi eseguiti e relativi esiti.
- Spiega le decisioni tecniche non ovvie e gli eventuali rischi residui.
- Se qualcosa non è verificabile nell’ambiente disponibile, dichiaralo chiaramente senza simulare un esito positivo.
- Non creare commit o push se non richiesto espressamente.
",M3 — Ready,"M3, EP07, Must, Backend, Database, QA",,,41
"EP07-07 — Correzioni, ricalcolo e omologazione","CODICE: EP07-07

USER STORY
Come lega vogliamo risultati deterministici, spiegabili e ricostruibili.

OBIETTIVO E SCOPE
- Gestire dati corretti, risultati provvisori/finali e blocco storico.
- Creare servizio puro di dominio e job asincrono.
- Aggiungere golden test sui payload dello spike.

CRITERI DI ACCETTAZIONE
- Ogni ricalcolo è auditato; formula non cambia retroattivamente.
- Golden test e test di idempotenza superati.

TEST MINIMI
- Test unitari delle regole e delle validazioni introdotte.
- Test di migrazione, vincoli, transazioni e idempotenza dove applicabile.
- Test di integrazione e regressione sui casi limite indicati nei criteri di accettazione.
- Test concorrenti: nessuna doppia assegnazione, operazione parziale o saldo non valido.

DELIVERABLE
- Codice applicativo e configurazioni nel modulo coerente con l’architettura approvata.
- API/servizi di dominio, validazioni e documentazione tecnica aggiornata.
- Migrazione database e aggiornamento del modello dati.
- Test automatici e breve evidenza di verifica collegabile alla card.

DIPENDENZE
EP00-05, EP06, EP04-05

STIMA INIZIALE
2–4 giorni

PROMPT CURSOR
CONTESTO STANDARD — FANTAPPERÒ
Stai lavorando su FantApperò, una piattaforma fantasy football web con backend Python/FastAPI, frontend React/TypeScript, PostgreSQL, Redis, worker asincroni e integrazione centralizzata con API-Football. L’architettura approvata è un monolite modulare API-first. Gli ambienti locali e i servizi applicativi devono essere gestiti con Docker e Docker Compose.

REGOLE GENERALI OBBLIGATORIE
- Usa l’italiano come lingua predefinita per interfaccia, messaggi utente, dati seed, documentazione funzionale e nuovi contenuti. Predisponi il codice per una futura internazionalizzazione, senza implementare ora lingue aggiuntive se la card non lo richiede.
- Non modificare funzionalità, regole di gioco, API, schema dati, configurazioni o componenti non necessari alla card.
- Non cancellare o rinominare codice, migrazioni, dati, test o funzioni esistenti senza una motivazione tecnica esplicita e verificata.
- Prima di creare qualcosa, controlla cosa esiste già e riusa pattern, moduli e componenti compatibili.
- Mantieni compatibilità con le funzionalità esistenti e non anticipare card o milestone successive.
- Non inserire segreti nel codice, nei log, nei test, nei commit o nella documentazione.
- Non usare Makefile, il comando `make` o wrapper equivalenti. Usa i normali comandi `docker compose` definiti dal progetto.
- Non presupporre servizi installati localmente: esegui backend, worker, database, Redis, migrazioni e test attraverso Docker Compose, salvo attività puramente frontend già previste diversamente dal repository.
- Se manca un servizio o un comando Compose necessario, aggiorna `compose.yaml` e la documentazione in modo minimale e coerente con lo scope.

INCARICO
- Card Trello: EP07-07 — Correzioni, ricalcolo e omologazione
- Dipendenze dichiarate: EP00-05, EP06, EP04-05

Prima di modificare il codice:
1. analizza la struttura del progetto aperto e individua tutti i file coinvolti nella card;
2. leggi il README e la documentazione architetturale o tecnica effettivamente presenti e pertinenti;
3. verifica cosa esiste già ed evita implementazioni duplicate;
4. controlla che le dipendenze funzionali dichiarate siano già implementate; se manca una dipendenza bloccante, fermati e descrivi con precisione cosa manca;
5. indicami brevemente il piano che seguirai prima di applicare le modifiche;
6. riusa pattern, servizi e componenti già adottati quando sono compatibili;
7. non introdurre segreti, credenziali, dipendenze non necessarie o modifiche fuori scope.

USER STORY
Come lega vogliamo risultati deterministici, spiegabili e ricostruibili.

ATTIVITÀ RICHIESTE
- Gestire dati corretti, risultati provvisori/finali e blocco storico.
- Creare servizio puro di dominio e job asincrono.
- Aggiungere golden test sui payload dello spike.

VINCOLI DI IMPLEMENTAZIONE
- Rispetta il monolite modulare API-first, i confini di dominio e il modello dati approvati.
- Le autorizzazioni e le validazioni decisive devono essere applicate lato server.
- Le operazioni che cambiano crediti, rose, mercato, risultati o configurazioni devono essere atomiche e auditabili.
- Mantieni retrocompatibilità con migrazioni e API esistenti; se non è possibile, documenta esplicitamente la decisione.
- Non implementare funzionalità appartenenti a card successive.
- Aggiungi log e metriche utili senza esporre dati personali o segreti.

CRITERI DI ACCETTAZIONE
- Ogni ricalcolo è auditato; formula non cambia retroattivamente.
- Golden test e test di idempotenza superati.

TEST MINIMI
- Test unitari delle regole e delle validazioni introdotte.
- Test di migrazione, vincoli, transazioni e idempotenza dove applicabile.
- Test di integrazione e regressione sui casi limite indicati nei criteri di accettazione.
- Test concorrenti: nessuna doppia assegnazione, operazione parziale o saldo non valido.

DELIVERABLE ATTESI
- Codice applicativo e configurazioni nel modulo coerente con l’architettura approvata.
- API/servizi di dominio, validazioni e documentazione tecnica aggiornata.
- Migrazione database e aggiornamento del modello dati.
- Test automatici e breve evidenza di verifica collegabile alla card.

CHIUSURA DEL LAVORO
- Esegui lint, type-check, test pertinenti e build dei moduli toccati usando i comandi ordinari `docker compose`; non usare `make`.
- Riporta file modificati, migrazioni, comandi eseguiti e relativi esiti.
- Spiega le decisioni tecniche non ovvie e gli eventuali rischi residui.
- Se qualcosa non è verificabile nell’ambiente disponibile, dichiaralo chiaramente senza simulare un esito positivo.
- Non creare commit o push se non richiesto espressamente.
",M3 — Ready,"M3, EP07, Must, Backend, Database, QA",,,42
EP08-01 — Sessione asta a buste,"CODICE: EP08-01

USER STORY
Come lega vogliamo gestire acquisizioni e scambi senza perdere validità o trasparenza.

OBIETTIVO E SCOPE
- Configurare apertura, scadenza, budget e giocatori eleggibili.
- Usare transazioni, lock ottimistici e audit.
- Aggiungere test concorrenti e rollback.

CRITERI DI ACCETTAZIONE
- Offerte accettate solo nella finestra e mai oltre saldo/slot.
- Nessuna operazione parziale.

TEST MINIMI
- Test unitari delle regole e delle validazioni introdotte.
- Test del flusso UI positivo, vuoto, errore e permessi insufficienti.
- Test di migrazione, vincoli, transazioni e idempotenza dove applicabile.
- Test di integrazione e regressione sui casi limite indicati nei criteri di accettazione.
- Test concorrenti: nessuna doppia assegnazione, operazione parziale o saldo non valido.

DELIVERABLE
- Codice applicativo e configurazioni nel modulo coerente con l’architettura approvata.
- API/servizi di dominio, validazioni e documentazione tecnica aggiornata.
- Interfaccia web/mobile con stati di caricamento, vuoto, errore e successo.
- Migrazione database e aggiornamento del modello dati.
- Test automatici e breve evidenza di verifica collegabile alla card.

DIPENDENZE
EP05-02, EP05-05, EP04-04

STIMA INIZIALE
3–5 giorni

PROMPT CURSOR
CONTESTO STANDARD — FANTAPPERÒ
Stai lavorando su FantApperò, una piattaforma fantasy football web con backend Python/FastAPI, frontend React/TypeScript, PostgreSQL, Redis, worker asincroni e integrazione centralizzata con API-Football. L’architettura approvata è un monolite modulare API-first. Gli ambienti locali e i servizi applicativi devono essere gestiti con Docker e Docker Compose.

REGOLE GENERALI OBBLIGATORIE
- Usa l’italiano come lingua predefinita per interfaccia, messaggi utente, dati seed, documentazione funzionale e nuovi contenuti. Predisponi il codice per una futura internazionalizzazione, senza implementare ora lingue aggiuntive se la card non lo richiede.
- Non modificare funzionalità, regole di gioco, API, schema dati, configurazioni o componenti non necessari alla card.
- Non cancellare o rinominare codice, migrazioni, dati, test o funzioni esistenti senza una motivazione tecnica esplicita e verificata.
- Prima di creare qualcosa, controlla cosa esiste già e riusa pattern, moduli e componenti compatibili.
- Mantieni compatibilità con le funzionalità esistenti e non anticipare card o milestone successive.
- Non inserire segreti nel codice, nei log, nei test, nei commit o nella documentazione.
- Non usare Makefile, il comando `make` o wrapper equivalenti. Usa i normali comandi `docker compose` definiti dal progetto.
- Non presupporre servizi installati localmente: esegui backend, worker, database, Redis, migrazioni e test attraverso Docker Compose, salvo attività puramente frontend già previste diversamente dal repository.
- Se manca un servizio o un comando Compose necessario, aggiorna `compose.yaml` e la documentazione in modo minimale e coerente con lo scope.

INCARICO
- Card Trello: EP08-01 — Sessione asta a buste
- Dipendenze dichiarate: EP05-02, EP05-05, EP04-04

Prima di modificare il codice:
1. analizza la struttura del progetto aperto e individua tutti i file coinvolti nella card;
2. leggi il README e la documentazione architetturale o tecnica effettivamente presenti e pertinenti;
3. verifica cosa esiste già ed evita implementazioni duplicate;
4. controlla che le dipendenze funzionali dichiarate siano già implementate; se manca una dipendenza bloccante, fermati e descrivi con precisione cosa manca;
5. indicami brevemente il piano che seguirai prima di applicare le modifiche;
6. riusa pattern, servizi e componenti già adottati quando sono compatibili;
7. non introdurre segreti, credenziali, dipendenze non necessarie o modifiche fuori scope.

USER STORY
Come lega vogliamo gestire acquisizioni e scambi senza perdere validità o trasparenza.

ATTIVITÀ RICHIESTE
- Configurare apertura, scadenza, budget e giocatori eleggibili.
- Usare transazioni, lock ottimistici e audit.
- Aggiungere test concorrenti e rollback.

VINCOLI DI IMPLEMENTAZIONE
- Rispetta il monolite modulare API-first, i confini di dominio e il modello dati approvati.
- Le autorizzazioni e le validazioni decisive devono essere applicate lato server.
- Le operazioni che cambiano crediti, rose, mercato, risultati o configurazioni devono essere atomiche e auditabili.
- Mantieni retrocompatibilità con migrazioni e API esistenti; se non è possibile, documenta esplicitamente la decisione.
- Non implementare funzionalità appartenenti a card successive.
- Aggiungi log e metriche utili senza esporre dati personali o segreti.

CRITERI DI ACCETTAZIONE
- Offerte accettate solo nella finestra e mai oltre saldo/slot.
- Nessuna operazione parziale.

TEST MINIMI
- Test unitari delle regole e delle validazioni introdotte.
- Test del flusso UI positivo, vuoto, errore e permessi insufficienti.
- Test di migrazione, vincoli, transazioni e idempotenza dove applicabile.
- Test di integrazione e regressione sui casi limite indicati nei criteri di accettazione.
- Test concorrenti: nessuna doppia assegnazione, operazione parziale o saldo non valido.

DELIVERABLE ATTESI
- Codice applicativo e configurazioni nel modulo coerente con l’architettura approvata.
- API/servizi di dominio, validazioni e documentazione tecnica aggiornata.
- Interfaccia web/mobile con stati di caricamento, vuoto, errore e successo.
- Migrazione database e aggiornamento del modello dati.
- Test automatici e breve evidenza di verifica collegabile alla card.

CHIUSURA DEL LAVORO
- Esegui lint, type-check, test pertinenti e build dei moduli toccati usando i comandi ordinari `docker compose`; non usare `make`.
- Riporta file modificati, migrazioni, comandi eseguiti e relativi esiti.
- Spiega le decisioni tecniche non ovvie e gli eventuali rischi residui.
- Se qualcosa non è verificabile nell’ambiente disponibile, dichiaralo chiaramente senza simulare un esito positivo.
- Non creare commit o push se non richiesto espressamente.
",M3 — Ready,"M3, EP08, Must, Backend, Frontend, Database, QA",,,43
EP08-02 — Risoluzione buste e parità,"CODICE: EP08-02

USER STORY
Come lega vogliamo gestire acquisizioni e scambi senza perdere validità o trasparenza.

OBIETTIVO E SCOPE
- Assegnare offerta più alta e aprire spareggio in parità.
- Usare transazioni, lock ottimistici e audit.
- Aggiungere test concorrenti e rollback.

CRITERI DI ACCETTAZIONE
- Risoluzione atomica, ripetibile e notificata.
- Nessuna operazione parziale.

TEST MINIMI
- Test unitari delle regole e delle validazioni introdotte.
- Test del flusso UI positivo, vuoto, errore e permessi insufficienti.
- Test di migrazione, vincoli, transazioni e idempotenza dove applicabile.
- Test di integrazione e regressione sui casi limite indicati nei criteri di accettazione.
- Test concorrenti: nessuna doppia assegnazione, operazione parziale o saldo non valido.

DELIVERABLE
- Codice applicativo e configurazioni nel modulo coerente con l’architettura approvata.
- API/servizi di dominio, validazioni e documentazione tecnica aggiornata.
- Interfaccia web/mobile con stati di caricamento, vuoto, errore e successo.
- Migrazione database e aggiornamento del modello dati.
- Test automatici e breve evidenza di verifica collegabile alla card.

DIPENDENZE
EP05-02, EP05-05, EP04-04

STIMA INIZIALE
3–5 giorni

PROMPT CURSOR
CONTESTO STANDARD — FANTAPPERÒ
Stai lavorando su FantApperò, una piattaforma fantasy football web con backend Python/FastAPI, frontend React/TypeScript, PostgreSQL, Redis, worker asincroni e integrazione centralizzata con API-Football. L’architettura approvata è un monolite modulare API-first. Gli ambienti locali e i servizi applicativi devono essere gestiti con Docker e Docker Compose.

REGOLE GENERALI OBBLIGATORIE
- Usa l’italiano come lingua predefinita per interfaccia, messaggi utente, dati seed, documentazione funzionale e nuovi contenuti. Predisponi il codice per una futura internazionalizzazione, senza implementare ora lingue aggiuntive se la card non lo richiede.
- Non modificare funzionalità, regole di gioco, API, schema dati, configurazioni o componenti non necessari alla card.
- Non cancellare o rinominare codice, migrazioni, dati, test o funzioni esistenti senza una motivazione tecnica esplicita e verificata.
- Prima di creare qualcosa, controlla cosa esiste già e riusa pattern, moduli e componenti compatibili.
- Mantieni compatibilità con le funzionalità esistenti e non anticipare card o milestone successive.
- Non inserire segreti nel codice, nei log, nei test, nei commit o nella documentazione.
- Non usare Makefile, il comando `make` o wrapper equivalenti. Usa i normali comandi `docker compose` definiti dal progetto.
- Non presupporre servizi installati localmente: esegui backend, worker, database, Redis, migrazioni e test attraverso Docker Compose, salvo attività puramente frontend già previste diversamente dal repository.
- Se manca un servizio o un comando Compose necessario, aggiorna `compose.yaml` e la documentazione in modo minimale e coerente con lo scope.

INCARICO
- Card Trello: EP08-02 — Risoluzione buste e parità
- Dipendenze dichiarate: EP05-02, EP05-05, EP04-04

Prima di modificare il codice:
1. analizza la struttura del progetto aperto e individua tutti i file coinvolti nella card;
2. leggi il README e la documentazione architetturale o tecnica effettivamente presenti e pertinenti;
3. verifica cosa esiste già ed evita implementazioni duplicate;
4. controlla che le dipendenze funzionali dichiarate siano già implementate; se manca una dipendenza bloccante, fermati e descrivi con precisione cosa manca;
5. indicami brevemente il piano che seguirai prima di applicare le modifiche;
6. riusa pattern, servizi e componenti già adottati quando sono compatibili;
7. non introdurre segreti, credenziali, dipendenze non necessarie o modifiche fuori scope.

USER STORY
Come lega vogliamo gestire acquisizioni e scambi senza perdere validità o trasparenza.

ATTIVITÀ RICHIESTE
- Assegnare offerta più alta e aprire spareggio in parità.
- Usare transazioni, lock ottimistici e audit.
- Aggiungere test concorrenti e rollback.

VINCOLI DI IMPLEMENTAZIONE
- Rispetta il monolite modulare API-first, i confini di dominio e il modello dati approvati.
- Le autorizzazioni e le validazioni decisive devono essere applicate lato server.
- Le operazioni che cambiano crediti, rose, mercato, risultati o configurazioni devono essere atomiche e auditabili.
- Mantieni retrocompatibilità con migrazioni e API esistenti; se non è possibile, documenta esplicitamente la decisione.
- Non implementare funzionalità appartenenti a card successive.
- Aggiungi log e metriche utili senza esporre dati personali o segreti.

CRITERI DI ACCETTAZIONE
- Risoluzione atomica, ripetibile e notificata.
- Nessuna operazione parziale.

TEST MINIMI
- Test unitari delle regole e delle validazioni introdotte.
- Test del flusso UI positivo, vuoto, errore e permessi insufficienti.
- Test di migrazione, vincoli, transazioni e idempotenza dove applicabile.
- Test di integrazione e regressione sui casi limite indicati nei criteri di accettazione.
- Test concorrenti: nessuna doppia assegnazione, operazione parziale o saldo non valido.

DELIVERABLE ATTESI
- Codice applicativo e configurazioni nel modulo coerente con l’architettura approvata.
- API/servizi di dominio, validazioni e documentazione tecnica aggiornata.
- Interfaccia web/mobile con stati di caricamento, vuoto, errore e successo.
- Migrazione database e aggiornamento del modello dati.
- Test automatici e breve evidenza di verifica collegabile alla card.

CHIUSURA DEL LAVORO
- Esegui lint, type-check, test pertinenti e build dei moduli toccati usando i comandi ordinari `docker compose`; non usare `make`.
- Riporta file modificati, migrazioni, comandi eseguiti e relativi esiti.
- Spiega le decisioni tecniche non ovvie e gli eventuali rischi residui.
- Se qualcosa non è verificabile nell’ambiente disponibile, dichiaralo chiaramente senza simulare un esito positivo.
- Non creare commit o push se non richiesto espressamente.
",M3 — Ready,"M3, EP08, Must, Backend, Frontend, Database, QA",,,44
EP08-03 — Svincolati con giocatore da tagliare,"CODICE: EP08-03

USER STORY
Come lega vogliamo gestire acquisizioni e scambi senza perdere validità o trasparenza.

OBIETTIVO E SCOPE
- Ogni offerta indica lo svincolo necessario.
- Usare transazioni, lock ottimistici e audit.
- Aggiungere test concorrenti e rollback.

CRITERI DI ACCETTAZIONE
- Cambio annullato se crea rosa invalida.
- Nessuna operazione parziale.

TEST MINIMI
- Test unitari delle regole e delle validazioni introdotte.
- Test del flusso UI positivo, vuoto, errore e permessi insufficienti.
- Test di migrazione, vincoli, transazioni e idempotenza dove applicabile.
- Test di integrazione e regressione sui casi limite indicati nei criteri di accettazione.

DELIVERABLE
- Codice applicativo e configurazioni nel modulo coerente con l’architettura approvata.
- API/servizi di dominio, validazioni e documentazione tecnica aggiornata.
- Interfaccia web/mobile con stati di caricamento, vuoto, errore e successo.
- Migrazione database e aggiornamento del modello dati.
- Test automatici e breve evidenza di verifica collegabile alla card.

DIPENDENZE
EP05-02, EP05-05, EP04-04

STIMA INIZIALE
3–5 giorni

PROMPT CURSOR
CONTESTO STANDARD — FANTAPPERÒ
Stai lavorando su FantApperò, una piattaforma fantasy football web con backend Python/FastAPI, frontend React/TypeScript, PostgreSQL, Redis, worker asincroni e integrazione centralizzata con API-Football. L’architettura approvata è un monolite modulare API-first. Gli ambienti locali e i servizi applicativi devono essere gestiti con Docker e Docker Compose.

REGOLE GENERALI OBBLIGATORIE
- Usa l’italiano come lingua predefinita per interfaccia, messaggi utente, dati seed, documentazione funzionale e nuovi contenuti. Predisponi il codice per una futura internazionalizzazione, senza implementare ora lingue aggiuntive se la card non lo richiede.
- Non modificare funzionalità, regole di gioco, API, schema dati, configurazioni o componenti non necessari alla card.
- Non cancellare o rinominare codice, migrazioni, dati, test o funzioni esistenti senza una motivazione tecnica esplicita e verificata.
- Prima di creare qualcosa, controlla cosa esiste già e riusa pattern, moduli e componenti compatibili.
- Mantieni compatibilità con le funzionalità esistenti e non anticipare card o milestone successive.
- Non inserire segreti nel codice, nei log, nei test, nei commit o nella documentazione.
- Non usare Makefile, il comando `make` o wrapper equivalenti. Usa i normali comandi `docker compose` definiti dal progetto.
- Non presupporre servizi installati localmente: esegui backend, worker, database, Redis, migrazioni e test attraverso Docker Compose, salvo attività puramente frontend già previste diversamente dal repository.
- Se manca un servizio o un comando Compose necessario, aggiorna `compose.yaml` e la documentazione in modo minimale e coerente con lo scope.

INCARICO
- Card Trello: EP08-03 — Svincolati con giocatore da tagliare
- Dipendenze dichiarate: EP05-02, EP05-05, EP04-04

Prima di modificare il codice:
1. analizza la struttura del progetto aperto e individua tutti i file coinvolti nella card;
2. leggi il README e la documentazione architetturale o tecnica effettivamente presenti e pertinenti;
3. verifica cosa esiste già ed evita implementazioni duplicate;
4. controlla che le dipendenze funzionali dichiarate siano già implementate; se manca una dipendenza bloccante, fermati e descrivi con precisione cosa manca;
5. indicami brevemente il piano che seguirai prima di applicare le modifiche;
6. riusa pattern, servizi e componenti già adottati quando sono compatibili;
7. non introdurre segreti, credenziali, dipendenze non necessarie o modifiche fuori scope.

USER STORY
Come lega vogliamo gestire acquisizioni e scambi senza perdere validità o trasparenza.

ATTIVITÀ RICHIESTE
- Ogni offerta indica lo svincolo necessario.
- Usare transazioni, lock ottimistici e audit.
- Aggiungere test concorrenti e rollback.

VINCOLI DI IMPLEMENTAZIONE
- Rispetta il monolite modulare API-first, i confini di dominio e il modello dati approvati.
- Le autorizzazioni e le validazioni decisive devono essere applicate lato server.
- Le operazioni che cambiano crediti, rose, mercato, risultati o configurazioni devono essere atomiche e auditabili.
- Mantieni retrocompatibilità con migrazioni e API esistenti; se non è possibile, documenta esplicitamente la decisione.
- Non implementare funzionalità appartenenti a card successive.
- Aggiungi log e metriche utili senza esporre dati personali o segreti.

CRITERI DI ACCETTAZIONE
- Cambio annullato se crea rosa invalida.
- Nessuna operazione parziale.

TEST MINIMI
- Test unitari delle regole e delle validazioni introdotte.
- Test del flusso UI positivo, vuoto, errore e permessi insufficienti.
- Test di migrazione, vincoli, transazioni e idempotenza dove applicabile.
- Test di integrazione e regressione sui casi limite indicati nei criteri di accettazione.

DELIVERABLE ATTESI
- Codice applicativo e configurazioni nel modulo coerente con l’architettura approvata.
- API/servizi di dominio, validazioni e documentazione tecnica aggiornata.
- Interfaccia web/mobile con stati di caricamento, vuoto, errore e successo.
- Migrazione database e aggiornamento del modello dati.
- Test automatici e breve evidenza di verifica collegabile alla card.

CHIUSURA DEL LAVORO
- Esegui lint, type-check, test pertinenti e build dei moduli toccati usando i comandi ordinari `docker compose`; non usare `make`.
- Riporta file modificati, migrazioni, comandi eseguiti e relativi esiti.
- Spiega le decisioni tecniche non ovvie e gli eventuali rischi residui.
- Se qualcosa non è verificabile nell’ambiente disponibile, dichiaralo chiaramente senza simulare un esito positivo.
- Non creare commit o push se non richiesto espressamente.
",M3 — Ready,"M3, EP08, Must, Backend, Frontend, Database, QA",,,45
EP08-04 — Recupero crediti allo svincolo,"CODICE: EP08-04

USER STORY
Come lega vogliamo gestire acquisizioni e scambi senza perdere validità o trasparenza.

OBIETTIVO E SCOPE
- Applicare 50% standard, 100% uscita dai cinque campionati o percentuale lega.
- Usare transazioni, lock ottimistici e audit.
- Aggiungere test concorrenti e rollback.

CRITERI DI ACCETTAZIONE
- Movimento ledger esplicito e arrotondamento definito.
- Nessuna operazione parziale.

TEST MINIMI
- Test unitari delle regole e delle validazioni introdotte.
- Test del flusso UI positivo, vuoto, errore e permessi insufficienti.
- Test di migrazione, vincoli, transazioni e idempotenza dove applicabile.
- Test di integrazione e regressione sui casi limite indicati nei criteri di accettazione.
- Test concorrenti: nessuna doppia assegnazione, operazione parziale o saldo non valido.

DELIVERABLE
- Codice applicativo e configurazioni nel modulo coerente con l’architettura approvata.
- API/servizi di dominio, validazioni e documentazione tecnica aggiornata.
- Interfaccia web/mobile con stati di caricamento, vuoto, errore e successo.
- Migrazione database e aggiornamento del modello dati.
- Test automatici e breve evidenza di verifica collegabile alla card.

DIPENDENZE
EP05-02, EP05-05, EP04-04

STIMA INIZIALE
3–5 giorni

PROMPT CURSOR
CONTESTO STANDARD — FANTAPPERÒ
Stai lavorando su FantApperò, una piattaforma fantasy football web con backend Python/FastAPI, frontend React/TypeScript, PostgreSQL, Redis, worker asincroni e integrazione centralizzata con API-Football. L’architettura approvata è un monolite modulare API-first. Gli ambienti locali e i servizi applicativi devono essere gestiti con Docker e Docker Compose.

REGOLE GENERALI OBBLIGATORIE
- Usa l’italiano come lingua predefinita per interfaccia, messaggi utente, dati seed, documentazione funzionale e nuovi contenuti. Predisponi il codice per una futura internazionalizzazione, senza implementare ora lingue aggiuntive se la card non lo richiede.
- Non modificare funzionalità, regole di gioco, API, schema dati, configurazioni o componenti non necessari alla card.
- Non cancellare o rinominare codice, migrazioni, dati, test o funzioni esistenti senza una motivazione tecnica esplicita e verificata.
- Prima di creare qualcosa, controlla cosa esiste già e riusa pattern, moduli e componenti compatibili.
- Mantieni compatibilità con le funzionalità esistenti e non anticipare card o milestone successive.
- Non inserire segreti nel codice, nei log, nei test, nei commit o nella documentazione.
- Non usare Makefile, il comando `make` o wrapper equivalenti. Usa i normali comandi `docker compose` definiti dal progetto.
- Non presupporre servizi installati localmente: esegui backend, worker, database, Redis, migrazioni e test attraverso Docker Compose, salvo attività puramente frontend già previste diversamente dal repository.
- Se manca un servizio o un comando Compose necessario, aggiorna `compose.yaml` e la documentazione in modo minimale e coerente con lo scope.

INCARICO
- Card Trello: EP08-04 — Recupero crediti allo svincolo
- Dipendenze dichiarate: EP05-02, EP05-05, EP04-04

Prima di modificare il codice:
1. analizza la struttura del progetto aperto e individua tutti i file coinvolti nella card;
2. leggi il README e la documentazione architetturale o tecnica effettivamente presenti e pertinenti;
3. verifica cosa esiste già ed evita implementazioni duplicate;
4. controlla che le dipendenze funzionali dichiarate siano già implementate; se manca una dipendenza bloccante, fermati e descrivi con precisione cosa manca;
5. indicami brevemente il piano che seguirai prima di applicare le modifiche;
6. riusa pattern, servizi e componenti già adottati quando sono compatibili;
7. non introdurre segreti, credenziali, dipendenze non necessarie o modifiche fuori scope.

USER STORY
Come lega vogliamo gestire acquisizioni e scambi senza perdere validità o trasparenza.

ATTIVITÀ RICHIESTE
- Applicare 50% standard, 100% uscita dai cinque campionati o percentuale lega.
- Usare transazioni, lock ottimistici e audit.
- Aggiungere test concorrenti e rollback.

VINCOLI DI IMPLEMENTAZIONE
- Rispetta il monolite modulare API-first, i confini di dominio e il modello dati approvati.
- Le autorizzazioni e le validazioni decisive devono essere applicate lato server.
- Le operazioni che cambiano crediti, rose, mercato, risultati o configurazioni devono essere atomiche e auditabili.
- Mantieni retrocompatibilità con migrazioni e API esistenti; se non è possibile, documenta esplicitamente la decisione.
- Non implementare funzionalità appartenenti a card successive.
- Aggiungi log e metriche utili senza esporre dati personali o segreti.

CRITERI DI ACCETTAZIONE
- Movimento ledger esplicito e arrotondamento definito.
- Nessuna operazione parziale.

TEST MINIMI
- Test unitari delle regole e delle validazioni introdotte.
- Test del flusso UI positivo, vuoto, errore e permessi insufficienti.
- Test di migrazione, vincoli, transazioni e idempotenza dove applicabile.
- Test di integrazione e regressione sui casi limite indicati nei criteri di accettazione.
- Test concorrenti: nessuna doppia assegnazione, operazione parziale o saldo non valido.

DELIVERABLE ATTESI
- Codice applicativo e configurazioni nel modulo coerente con l’architettura approvata.
- API/servizi di dominio, validazioni e documentazione tecnica aggiornata.
- Interfaccia web/mobile con stati di caricamento, vuoto, errore e successo.
- Migrazione database e aggiornamento del modello dati.
- Test automatici e breve evidenza di verifica collegabile alla card.

CHIUSURA DEL LAVORO
- Esegui lint, type-check, test pertinenti e build dei moduli toccati usando i comandi ordinari `docker compose`; non usare `make`.
- Riporta file modificati, migrazioni, comandi eseguiti e relativi esiti.
- Spiega le decisioni tecniche non ovvie e gli eventuali rischi residui.
- Se qualcosa non è verificabile nell’ambiente disponibile, dichiaralo chiaramente senza simulare un esito positivo.
- Non creare commit o push se non richiesto espressamente.
",M3 — Ready,"M3, EP08, Must, Backend, Frontend, Database, QA",,,46
EP08-05 — Proposta di scambio,"CODICE: EP08-05

USER STORY
Come lega vogliamo gestire acquisizioni e scambi senza perdere validità o trasparenza.

OBIETTIVO E SCOPE
- Supportare uno o più giocatori per parte, crediti e scadenza.
- Usare transazioni, lock ottimistici e audit.
- Aggiungere test concorrenti e rollback.

CRITERI DI ACCETTAZIONE
- Asset bloccati/validati; nessun saldo negativo.
- Nessuna operazione parziale.

TEST MINIMI
- Test unitari delle regole e delle validazioni introdotte.
- Test del flusso UI positivo, vuoto, errore e permessi insufficienti.
- Test di migrazione, vincoli, transazioni e idempotenza dove applicabile.
- Test di integrazione e regressione sui casi limite indicati nei criteri di accettazione.
- Test concorrenti: nessuna doppia assegnazione, operazione parziale o saldo non valido.

DELIVERABLE
- Codice applicativo e configurazioni nel modulo coerente con l’architettura approvata.
- API/servizi di dominio, validazioni e documentazione tecnica aggiornata.
- Interfaccia web/mobile con stati di caricamento, vuoto, errore e successo.
- Migrazione database e aggiornamento del modello dati.
- Test automatici e breve evidenza di verifica collegabile alla card.

DIPENDENZE
EP05-02, EP05-05, EP04-04

STIMA INIZIALE
3–5 giorni

PROMPT CURSOR
CONTESTO STANDARD — FANTAPPERÒ
Stai lavorando su FantApperò, una piattaforma fantasy football web con backend Python/FastAPI, frontend React/TypeScript, PostgreSQL, Redis, worker asincroni e integrazione centralizzata con API-Football. L’architettura approvata è un monolite modulare API-first. Gli ambienti locali e i servizi applicativi devono essere gestiti con Docker e Docker Compose.

REGOLE GENERALI OBBLIGATORIE
- Usa l’italiano come lingua predefinita per interfaccia, messaggi utente, dati seed, documentazione funzionale e nuovi contenuti. Predisponi il codice per una futura internazionalizzazione, senza implementare ora lingue aggiuntive se la card non lo richiede.
- Non modificare funzionalità, regole di gioco, API, schema dati, configurazioni o componenti non necessari alla card.
- Non cancellare o rinominare codice, migrazioni, dati, test o funzioni esistenti senza una motivazione tecnica esplicita e verificata.
- Prima di creare qualcosa, controlla cosa esiste già e riusa pattern, moduli e componenti compatibili.
- Mantieni compatibilità con le funzionalità esistenti e non anticipare card o milestone successive.
- Non inserire segreti nel codice, nei log, nei test, nei commit o nella documentazione.
- Non usare Makefile, il comando `make` o wrapper equivalenti. Usa i normali comandi `docker compose` definiti dal progetto.
- Non presupporre servizi installati localmente: esegui backend, worker, database, Redis, migrazioni e test attraverso Docker Compose, salvo attività puramente frontend già previste diversamente dal repository.
- Se manca un servizio o un comando Compose necessario, aggiorna `compose.yaml` e la documentazione in modo minimale e coerente con lo scope.

INCARICO
- Card Trello: EP08-05 — Proposta di scambio
- Dipendenze dichiarate: EP05-02, EP05-05, EP04-04

Prima di modificare il codice:
1. analizza la struttura del progetto aperto e individua tutti i file coinvolti nella card;
2. leggi il README e la documentazione architetturale o tecnica effettivamente presenti e pertinenti;
3. verifica cosa esiste già ed evita implementazioni duplicate;
4. controlla che le dipendenze funzionali dichiarate siano già implementate; se manca una dipendenza bloccante, fermati e descrivi con precisione cosa manca;
5. indicami brevemente il piano che seguirai prima di applicare le modifiche;
6. riusa pattern, servizi e componenti già adottati quando sono compatibili;
7. non introdurre segreti, credenziali, dipendenze non necessarie o modifiche fuori scope.

USER STORY
Come lega vogliamo gestire acquisizioni e scambi senza perdere validità o trasparenza.

ATTIVITÀ RICHIESTE
- Supportare uno o più giocatori per parte, crediti e scadenza.
- Usare transazioni, lock ottimistici e audit.
- Aggiungere test concorrenti e rollback.

VINCOLI DI IMPLEMENTAZIONE
- Rispetta il monolite modulare API-first, i confini di dominio e il modello dati approvati.
- Le autorizzazioni e le validazioni decisive devono essere applicate lato server.
- Le operazioni che cambiano crediti, rose, mercato, risultati o configurazioni devono essere atomiche e auditabili.
- Mantieni retrocompatibilità con migrazioni e API esistenti; se non è possibile, documenta esplicitamente la decisione.
- Non implementare funzionalità appartenenti a card successive.
- Aggiungi log e metriche utili senza esporre dati personali o segreti.

CRITERI DI ACCETTAZIONE
- Asset bloccati/validati; nessun saldo negativo.
- Nessuna operazione parziale.

TEST MINIMI
- Test unitari delle regole e delle validazioni introdotte.
- Test del flusso UI positivo, vuoto, errore e permessi insufficienti.
- Test di migrazione, vincoli, transazioni e idempotenza dove applicabile.
- Test di integrazione e regressione sui casi limite indicati nei criteri di accettazione.
- Test concorrenti: nessuna doppia assegnazione, operazione parziale o saldo non valido.

DELIVERABLE ATTESI
- Codice applicativo e configurazioni nel modulo coerente con l’architettura approvata.
- API/servizi di dominio, validazioni e documentazione tecnica aggiornata.
- Interfaccia web/mobile con stati di caricamento, vuoto, errore e successo.
- Migrazione database e aggiornamento del modello dati.
- Test automatici e breve evidenza di verifica collegabile alla card.

CHIUSURA DEL LAVORO
- Esegui lint, type-check, test pertinenti e build dei moduli toccati usando i comandi ordinari `docker compose`; non usare `make`.
- Riporta file modificati, migrazioni, comandi eseguiti e relativi esiti.
- Spiega le decisioni tecniche non ovvie e gli eventuali rischi residui.
- Se qualcosa non è verificabile nell’ambiente disponibile, dichiaralo chiaramente senza simulare un esito positivo.
- Non creare commit o push se non richiesto espressamente.
",M3 — Ready,"M3, EP08, Should, Backend, Frontend, Database, QA",,,47
"EP08-06 — Accetta, rifiuta e controproponi","CODICE: EP08-06

USER STORY
Come lega vogliamo gestire acquisizioni e scambi senza perdere validità o trasparenza.

OBIETTIVO E SCOPE
- Gestire ciclo e concorrenza delle offerte.
- Usare transazioni, lock ottimistici e audit.
- Aggiungere test concorrenti e rollback.

CRITERI DI ACCETTAZIONE
- Solo una transizione valida prevale; operazione atomica.
- Nessuna operazione parziale.

TEST MINIMI
- Test unitari delle regole e delle validazioni introdotte.
- Test del flusso UI positivo, vuoto, errore e permessi insufficienti.
- Test di migrazione, vincoli, transazioni e idempotenza dove applicabile.
- Test di integrazione e regressione sui casi limite indicati nei criteri di accettazione.

DELIVERABLE
- Codice applicativo e configurazioni nel modulo coerente con l’architettura approvata.
- API/servizi di dominio, validazioni e documentazione tecnica aggiornata.
- Interfaccia web/mobile con stati di caricamento, vuoto, errore e successo.
- Migrazione database e aggiornamento del modello dati.
- Test automatici e breve evidenza di verifica collegabile alla card.

DIPENDENZE
EP05-02, EP05-05, EP04-04

STIMA INIZIALE
3–5 giorni

PROMPT CURSOR
CONTESTO STANDARD — FANTAPPERÒ
Stai lavorando su FantApperò, una piattaforma fantasy football web con backend Python/FastAPI, frontend React/TypeScript, PostgreSQL, Redis, worker asincroni e integrazione centralizzata con API-Football. L’architettura approvata è un monolite modulare API-first. Gli ambienti locali e i servizi applicativi devono essere gestiti con Docker e Docker Compose.

REGOLE GENERALI OBBLIGATORIE
- Usa l’italiano come lingua predefinita per interfaccia, messaggi utente, dati seed, documentazione funzionale e nuovi contenuti. Predisponi il codice per una futura internazionalizzazione, senza implementare ora lingue aggiuntive se la card non lo richiede.
- Non modificare funzionalità, regole di gioco, API, schema dati, configurazioni o componenti non necessari alla card.
- Non cancellare o rinominare codice, migrazioni, dati, test o funzioni esistenti senza una motivazione tecnica esplicita e verificata.
- Prima di creare qualcosa, controlla cosa esiste già e riusa pattern, moduli e componenti compatibili.
- Mantieni compatibilità con le funzionalità esistenti e non anticipare card o milestone successive.
- Non inserire segreti nel codice, nei log, nei test, nei commit o nella documentazione.
- Non usare Makefile, il comando `make` o wrapper equivalenti. Usa i normali comandi `docker compose` definiti dal progetto.
- Non presupporre servizi installati localmente: esegui backend, worker, database, Redis, migrazioni e test attraverso Docker Compose, salvo attività puramente frontend già previste diversamente dal repository.
- Se manca un servizio o un comando Compose necessario, aggiorna `compose.yaml` e la documentazione in modo minimale e coerente con lo scope.

INCARICO
- Card Trello: EP08-06 — Accetta, rifiuta e controproponi
- Dipendenze dichiarate: EP05-02, EP05-05, EP04-04

Prima di modificare il codice:
1. analizza la struttura del progetto aperto e individua tutti i file coinvolti nella card;
2. leggi il README e la documentazione architetturale o tecnica effettivamente presenti e pertinenti;
3. verifica cosa esiste già ed evita implementazioni duplicate;
4. controlla che le dipendenze funzionali dichiarate siano già implementate; se manca una dipendenza bloccante, fermati e descrivi con precisione cosa manca;
5. indicami brevemente il piano che seguirai prima di applicare le modifiche;
6. riusa pattern, servizi e componenti già adottati quando sono compatibili;
7. non introdurre segreti, credenziali, dipendenze non necessarie o modifiche fuori scope.

USER STORY
Come lega vogliamo gestire acquisizioni e scambi senza perdere validità o trasparenza.

ATTIVITÀ RICHIESTE
- Gestire ciclo e concorrenza delle offerte.
- Usare transazioni, lock ottimistici e audit.
- Aggiungere test concorrenti e rollback.

VINCOLI DI IMPLEMENTAZIONE
- Rispetta il monolite modulare API-first, i confini di dominio e il modello dati approvati.
- Le autorizzazioni e le validazioni decisive devono essere applicate lato server.
- Le operazioni che cambiano crediti, rose, mercato, risultati o configurazioni devono essere atomiche e auditabili.
- Mantieni retrocompatibilità con migrazioni e API esistenti; se non è possibile, documenta esplicitamente la decisione.
- Non implementare funzionalità appartenenti a card successive.
- Aggiungi log e metriche utili senza esporre dati personali o segreti.

CRITERI DI ACCETTAZIONE
- Solo una transizione valida prevale; operazione atomica.
- Nessuna operazione parziale.

TEST MINIMI
- Test unitari delle regole e delle validazioni introdotte.
- Test del flusso UI positivo, vuoto, errore e permessi insufficienti.
- Test di migrazione, vincoli, transazioni e idempotenza dove applicabile.
- Test di integrazione e regressione sui casi limite indicati nei criteri di accettazione.

DELIVERABLE ATTESI
- Codice applicativo e configurazioni nel modulo coerente con l’architettura approvata.
- API/servizi di dominio, validazioni e documentazione tecnica aggiornata.
- Interfaccia web/mobile con stati di caricamento, vuoto, errore e successo.
- Migrazione database e aggiornamento del modello dati.
- Test automatici e breve evidenza di verifica collegabile alla card.

CHIUSURA DEL LAVORO
- Esegui lint, type-check, test pertinenti e build dei moduli toccati usando i comandi ordinari `docker compose`; non usare `make`.
- Riporta file modificati, migrazioni, comandi eseguiti e relativi esiti.
- Spiega le decisioni tecniche non ovvie e gli eventuali rischi residui.
- Se qualcosa non è verificabile nell’ambiente disponibile, dichiaralo chiaramente senza simulare un esito positivo.
- Non creare commit o push se non richiesto espressamente.
",M3 — Ready,"M3, EP08, Should, Backend, Frontend, Database, QA",,,48
EP08-07 — Approvazione amministratore e limiti,"CODICE: EP08-07

USER STORY
Come lega vogliamo gestire acquisizioni e scambi senza perdere validità o trasparenza.

OBIETTIVO E SCOPE
- Consentire disabilitazione, approvazione, finestre e limiti.
- Usare transazioni, lock ottimistici e audit.
- Aggiungere test concorrenti e rollback.

CRITERI DI ACCETTAZIONE
- Configurazione applicata lato server e visibile agli utenti.
- Nessuna operazione parziale.

TEST MINIMI
- Test unitari delle regole e delle validazioni introdotte.
- Test del flusso UI positivo, vuoto, errore e permessi insufficienti.
- Test di migrazione, vincoli, transazioni e idempotenza dove applicabile.
- Test di integrazione e regressione sui casi limite indicati nei criteri di accettazione.

DELIVERABLE
- Codice applicativo e configurazioni nel modulo coerente con l’architettura approvata.
- API/servizi di dominio, validazioni e documentazione tecnica aggiornata.
- Interfaccia web/mobile con stati di caricamento, vuoto, errore e successo.
- Migrazione database e aggiornamento del modello dati.
- Test automatici e breve evidenza di verifica collegabile alla card.

DIPENDENZE
EP05-02, EP05-05, EP04-04

STIMA INIZIALE
3–5 giorni

PROMPT CURSOR
CONTESTO STANDARD — FANTAPPERÒ
Stai lavorando su FantApperò, una piattaforma fantasy football web con backend Python/FastAPI, frontend React/TypeScript, PostgreSQL, Redis, worker asincroni e integrazione centralizzata con API-Football. L’architettura approvata è un monolite modulare API-first. Gli ambienti locali e i servizi applicativi devono essere gestiti con Docker e Docker Compose.

REGOLE GENERALI OBBLIGATORIE
- Usa l’italiano come lingua predefinita per interfaccia, messaggi utente, dati seed, documentazione funzionale e nuovi contenuti. Predisponi il codice per una futura internazionalizzazione, senza implementare ora lingue aggiuntive se la card non lo richiede.
- Non modificare funzionalità, regole di gioco, API, schema dati, configurazioni o componenti non necessari alla card.
- Non cancellare o rinominare codice, migrazioni, dati, test o funzioni esistenti senza una motivazione tecnica esplicita e verificata.
- Prima di creare qualcosa, controlla cosa esiste già e riusa pattern, moduli e componenti compatibili.
- Mantieni compatibilità con le funzionalità esistenti e non anticipare card o milestone successive.
- Non inserire segreti nel codice, nei log, nei test, nei commit o nella documentazione.
- Non usare Makefile, il comando `make` o wrapper equivalenti. Usa i normali comandi `docker compose` definiti dal progetto.
- Non presupporre servizi installati localmente: esegui backend, worker, database, Redis, migrazioni e test attraverso Docker Compose, salvo attività puramente frontend già previste diversamente dal repository.
- Se manca un servizio o un comando Compose necessario, aggiorna `compose.yaml` e la documentazione in modo minimale e coerente con lo scope.

INCARICO
- Card Trello: EP08-07 — Approvazione amministratore e limiti
- Dipendenze dichiarate: EP05-02, EP05-05, EP04-04

Prima di modificare il codice:
1. analizza la struttura del progetto aperto e individua tutti i file coinvolti nella card;
2. leggi il README e la documentazione architetturale o tecnica effettivamente presenti e pertinenti;
3. verifica cosa esiste già ed evita implementazioni duplicate;
4. controlla che le dipendenze funzionali dichiarate siano già implementate; se manca una dipendenza bloccante, fermati e descrivi con precisione cosa manca;
5. indicami brevemente il piano che seguirai prima di applicare le modifiche;
6. riusa pattern, servizi e componenti già adottati quando sono compatibili;
7. non introdurre segreti, credenziali, dipendenze non necessarie o modifiche fuori scope.

USER STORY
Come lega vogliamo gestire acquisizioni e scambi senza perdere validità o trasparenza.

ATTIVITÀ RICHIESTE
- Consentire disabilitazione, approvazione, finestre e limiti.
- Usare transazioni, lock ottimistici e audit.
- Aggiungere test concorrenti e rollback.

VINCOLI DI IMPLEMENTAZIONE
- Rispetta il monolite modulare API-first, i confini di dominio e il modello dati approvati.
- Le autorizzazioni e le validazioni decisive devono essere applicate lato server.
- Le operazioni che cambiano crediti, rose, mercato, risultati o configurazioni devono essere atomiche e auditabili.
- Mantieni retrocompatibilità con migrazioni e API esistenti; se non è possibile, documenta esplicitamente la decisione.
- Non implementare funzionalità appartenenti a card successive.
- Aggiungi log e metriche utili senza esporre dati personali o segreti.

CRITERI DI ACCETTAZIONE
- Configurazione applicata lato server e visibile agli utenti.
- Nessuna operazione parziale.

TEST MINIMI
- Test unitari delle regole e delle validazioni introdotte.
- Test del flusso UI positivo, vuoto, errore e permessi insufficienti.
- Test di migrazione, vincoli, transazioni e idempotenza dove applicabile.
- Test di integrazione e regressione sui casi limite indicati nei criteri di accettazione.

DELIVERABLE ATTESI
- Codice applicativo e configurazioni nel modulo coerente con l’architettura approvata.
- API/servizi di dominio, validazioni e documentazione tecnica aggiornata.
- Interfaccia web/mobile con stati di caricamento, vuoto, errore e successo.
- Migrazione database e aggiornamento del modello dati.
- Test automatici e breve evidenza di verifica collegabile alla card.

CHIUSURA DEL LAVORO
- Esegui lint, type-check, test pertinenti e build dei moduli toccati usando i comandi ordinari `docker compose`; non usare `make`.
- Riporta file modificati, migrazioni, comandi eseguiti e relativi esiti.
- Spiega le decisioni tecniche non ovvie e gli eventuali rischi residui.
- Se qualcosa non è verificabile nell’ambiente disponibile, dichiaralo chiaramente senza simulare un esito positivo.
- Non creare commit o push se non richiesto espressamente.
",M3 — Ready,"M3, EP08, Must, Backend, Frontend, Database, QA",,,49
EP08-08 — Storico mercato,"CODICE: EP08-08

USER STORY
Come lega vogliamo gestire acquisizioni e scambi senza perdere validità o trasparenza.

OBIETTIVO E SCOPE
- Mostrare acquisti, svincoli, scambi, crediti e interventi manuali.
- Usare transazioni, lock ottimistici e audit.
- Aggiungere test concorrenti e rollback.

CRITERI DI ACCETTAZIONE
- Storico filtrabile e coerente con ledger/possessi.
- Nessuna operazione parziale.

TEST MINIMI
- Test unitari delle regole e delle validazioni introdotte.
- Test del flusso UI positivo, vuoto, errore e permessi insufficienti.
- Test di migrazione, vincoli, transazioni e idempotenza dove applicabile.
- Test di integrazione e regressione sui casi limite indicati nei criteri di accettazione.

DELIVERABLE
- Codice applicativo e configurazioni nel modulo coerente con l’architettura approvata.
- API/servizi di dominio, validazioni e documentazione tecnica aggiornata.
- Interfaccia web/mobile con stati di caricamento, vuoto, errore e successo.
- Migrazione database e aggiornamento del modello dati.
- Test automatici e breve evidenza di verifica collegabile alla card.

DIPENDENZE
EP05-02, EP05-05, EP04-04

STIMA INIZIALE
3–5 giorni

PROMPT CURSOR
CONTESTO STANDARD — FANTAPPERÒ
Stai lavorando su FantApperò, una piattaforma fantasy football web con backend Python/FastAPI, frontend React/TypeScript, PostgreSQL, Redis, worker asincroni e integrazione centralizzata con API-Football. L’architettura approvata è un monolite modulare API-first. Gli ambienti locali e i servizi applicativi devono essere gestiti con Docker e Docker Compose.

REGOLE GENERALI OBBLIGATORIE
- Usa l’italiano come lingua predefinita per interfaccia, messaggi utente, dati seed, documentazione funzionale e nuovi contenuti. Predisponi il codice per una futura internazionalizzazione, senza implementare ora lingue aggiuntive se la card non lo richiede.
- Non modificare funzionalità, regole di gioco, API, schema dati, configurazioni o componenti non necessari alla card.
- Non cancellare o rinominare codice, migrazioni, dati, test o funzioni esistenti senza una motivazione tecnica esplicita e verificata.
- Prima di creare qualcosa, controlla cosa esiste già e riusa pattern, moduli e componenti compatibili.
- Mantieni compatibilità con le funzionalità esistenti e non anticipare card o milestone successive.
- Non inserire segreti nel codice, nei log, nei test, nei commit o nella documentazione.
- Non usare Makefile, il comando `make` o wrapper equivalenti. Usa i normali comandi `docker compose` definiti dal progetto.
- Non presupporre servizi installati localmente: esegui backend, worker, database, Redis, migrazioni e test attraverso Docker Compose, salvo attività puramente frontend già previste diversamente dal repository.
- Se manca un servizio o un comando Compose necessario, aggiorna `compose.yaml` e la documentazione in modo minimale e coerente con lo scope.

INCARICO
- Card Trello: EP08-08 — Storico mercato
- Dipendenze dichiarate: EP05-02, EP05-05, EP04-04

Prima di modificare il codice:
1. analizza la struttura del progetto aperto e individua tutti i file coinvolti nella card;
2. leggi il README e la documentazione architetturale o tecnica effettivamente presenti e pertinenti;
3. verifica cosa esiste già ed evita implementazioni duplicate;
4. controlla che le dipendenze funzionali dichiarate siano già implementate; se manca una dipendenza bloccante, fermati e descrivi con precisione cosa manca;
5. indicami brevemente il piano che seguirai prima di applicare le modifiche;
6. riusa pattern, servizi e componenti già adottati quando sono compatibili;
7. non introdurre segreti, credenziali, dipendenze non necessarie o modifiche fuori scope.

USER STORY
Come lega vogliamo gestire acquisizioni e scambi senza perdere validità o trasparenza.

ATTIVITÀ RICHIESTE
- Mostrare acquisti, svincoli, scambi, crediti e interventi manuali.
- Usare transazioni, lock ottimistici e audit.
- Aggiungere test concorrenti e rollback.

VINCOLI DI IMPLEMENTAZIONE
- Rispetta il monolite modulare API-first, i confini di dominio e il modello dati approvati.
- Le autorizzazioni e le validazioni decisive devono essere applicate lato server.
- Le operazioni che cambiano crediti, rose, mercato, risultati o configurazioni devono essere atomiche e auditabili.
- Mantieni retrocompatibilità con migrazioni e API esistenti; se non è possibile, documenta esplicitamente la decisione.
- Non implementare funzionalità appartenenti a card successive.
- Aggiungi log e metriche utili senza esporre dati personali o segreti.

CRITERI DI ACCETTAZIONE
- Storico filtrabile e coerente con ledger/possessi.
- Nessuna operazione parziale.

TEST MINIMI
- Test unitari delle regole e delle validazioni introdotte.
- Test del flusso UI positivo, vuoto, errore e permessi insufficienti.
- Test di migrazione, vincoli, transazioni e idempotenza dove applicabile.
- Test di integrazione e regressione sui casi limite indicati nei criteri di accettazione.

DELIVERABLE ATTESI
- Codice applicativo e configurazioni nel modulo coerente con l’architettura approvata.
- API/servizi di dominio, validazioni e documentazione tecnica aggiornata.
- Interfaccia web/mobile con stati di caricamento, vuoto, errore e successo.
- Migrazione database e aggiornamento del modello dati.
- Test automatici e breve evidenza di verifica collegabile alla card.

CHIUSURA DEL LAVORO
- Esegui lint, type-check, test pertinenti e build dei moduli toccati usando i comandi ordinari `docker compose`; non usare `make`.
- Riporta file modificati, migrazioni, comandi eseguiti e relativi esiti.
- Spiega le decisioni tecniche non ovvie e gli eventuali rischi residui.
- Se qualcosa non è verificabile nell’ambiente disponibile, dichiaralo chiaramente senza simulare un esito positivo.
- Non creare commit o push se non richiesto espressamente.
",M3 — Ready,"M3, EP08, Must, Backend, Frontend, Database, QA",,,50
EP09-01 — Centro notifiche in-app,"CODICE: EP09-01

USER STORY
Come utente voglio ricevere avvisi utili e tempestivi senza rumore.

OBIETTIVO E SCOPE
- Persistenza, lettura, categorie e deep link.
- Implementare outbox, template versionati e preferenze.
- Misurare invii, errori e deduplicazione.

CRITERI DI ACCETTAZIONE
- Notifiche duplicate evitate; stato letto sincronizzato.
- Test su fuso orario e retry superati.

TEST MINIMI
- Test unitari delle regole e delle validazioni introdotte.
- Test del flusso UI positivo, vuoto, errore e permessi insufficienti.
- Smoke test dell’ambiente e verifica di log, metriche, retry e configurazione.

DELIVERABLE
- Codice applicativo e configurazioni nel modulo coerente con l’architettura approvata.
- API/servizi di dominio, validazioni e documentazione tecnica aggiornata.
- Interfaccia web/mobile con stati di caricamento, vuoto, errore e successo.
- Configurazione infrastrutturale, osservabilità e runbook pertinenti.
- Test automatici e breve evidenza di verifica collegabile alla card.

DIPENDENZE
EP04-06, EP06, EP08

STIMA INIZIALE
2–4 giorni

PROMPT CURSOR
CONTESTO STANDARD — FANTAPPERÒ
Stai lavorando su FantApperò, una piattaforma fantasy football web con backend Python/FastAPI, frontend React/TypeScript, PostgreSQL, Redis, worker asincroni e integrazione centralizzata con API-Football. L’architettura approvata è un monolite modulare API-first. Gli ambienti locali e i servizi applicativi devono essere gestiti con Docker e Docker Compose.

REGOLE GENERALI OBBLIGATORIE
- Usa l’italiano come lingua predefinita per interfaccia, messaggi utente, dati seed, documentazione funzionale e nuovi contenuti. Predisponi il codice per una futura internazionalizzazione, senza implementare ora lingue aggiuntive se la card non lo richiede.
- Non modificare funzionalità, regole di gioco, API, schema dati, configurazioni o componenti non necessari alla card.
- Non cancellare o rinominare codice, migrazioni, dati, test o funzioni esistenti senza una motivazione tecnica esplicita e verificata.
- Prima di creare qualcosa, controlla cosa esiste già e riusa pattern, moduli e componenti compatibili.
- Mantieni compatibilità con le funzionalità esistenti e non anticipare card o milestone successive.
- Non inserire segreti nel codice, nei log, nei test, nei commit o nella documentazione.
- Non usare Makefile, il comando `make` o wrapper equivalenti. Usa i normali comandi `docker compose` definiti dal progetto.
- Non presupporre servizi installati localmente: esegui backend, worker, database, Redis, migrazioni e test attraverso Docker Compose, salvo attività puramente frontend già previste diversamente dal repository.
- Se manca un servizio o un comando Compose necessario, aggiorna `compose.yaml` e la documentazione in modo minimale e coerente con lo scope.

INCARICO
- Card Trello: EP09-01 — Centro notifiche in-app
- Dipendenze dichiarate: EP04-06, EP06, EP08

Prima di modificare il codice:
1. analizza la struttura del progetto aperto e individua tutti i file coinvolti nella card;
2. leggi il README e la documentazione architetturale o tecnica effettivamente presenti e pertinenti;
3. verifica cosa esiste già ed evita implementazioni duplicate;
4. controlla che le dipendenze funzionali dichiarate siano già implementate; se manca una dipendenza bloccante, fermati e descrivi con precisione cosa manca;
5. indicami brevemente il piano che seguirai prima di applicare le modifiche;
6. riusa pattern, servizi e componenti già adottati quando sono compatibili;
7. non introdurre segreti, credenziali, dipendenze non necessarie o modifiche fuori scope.

USER STORY
Come utente voglio ricevere avvisi utili e tempestivi senza rumore.

ATTIVITÀ RICHIESTE
- Persistenza, lettura, categorie e deep link.
- Implementare outbox, template versionati e preferenze.
- Misurare invii, errori e deduplicazione.

VINCOLI DI IMPLEMENTAZIONE
- Rispetta il monolite modulare API-first, i confini di dominio e il modello dati approvati.
- Le autorizzazioni e le validazioni decisive devono essere applicate lato server.
- Le operazioni che cambiano crediti, rose, mercato, risultati o configurazioni devono essere atomiche e auditabili.
- Mantieni retrocompatibilità con migrazioni e API esistenti; se non è possibile, documenta esplicitamente la decisione.
- Non implementare funzionalità appartenenti a card successive.
- Aggiungi log e metriche utili senza esporre dati personali o segreti.

CRITERI DI ACCETTAZIONE
- Notifiche duplicate evitate; stato letto sincronizzato.
- Test su fuso orario e retry superati.

TEST MINIMI
- Test unitari delle regole e delle validazioni introdotte.
- Test del flusso UI positivo, vuoto, errore e permessi insufficienti.
- Smoke test dell’ambiente e verifica di log, metriche, retry e configurazione.

DELIVERABLE ATTESI
- Codice applicativo e configurazioni nel modulo coerente con l’architettura approvata.
- API/servizi di dominio, validazioni e documentazione tecnica aggiornata.
- Interfaccia web/mobile con stati di caricamento, vuoto, errore e successo.
- Configurazione infrastrutturale, osservabilità e runbook pertinenti.
- Test automatici e breve evidenza di verifica collegabile alla card.

CHIUSURA DEL LAVORO
- Esegui lint, type-check, test pertinenti e build dei moduli toccati usando i comandi ordinari `docker compose`; non usare `make`.
- Riporta file modificati, migrazioni, comandi eseguiti e relativi esiti.
- Spiega le decisioni tecniche non ovvie e gli eventuali rischi residui.
- Se qualcosa non è verificabile nell’ambiente disponibile, dichiaralo chiaramente senza simulare un esito positivo.
- Non creare commit o push se non richiesto espressamente.
",M4 — Ready,"M4, EP09, Must, Backend, Frontend, Infrastructure",,,51
EP09-02 — Reminder kickoff e formazione,"CODICE: EP09-02

USER STORY
Come utente voglio ricevere avvisi utili e tempestivi senza rumore.

OBIETTIVO E SCOPE
- Avvisare per giocatori a rischio e prossime scadenze.
- Implementare outbox, template versionati e preferenze.
- Misurare invii, errori e deduplicazione.

CRITERI DI ACCETTAZIONE
- Orari corretti per fuso e preferenze; nessun avviso dopo kickoff.
- Test su fuso orario e retry superati.

TEST MINIMI
- Test unitari delle regole e delle validazioni introdotte.
- Test del flusso UI positivo, vuoto, errore e permessi insufficienti.
- Smoke test dell’ambiente e verifica di log, metriche, retry e configurazione.

DELIVERABLE
- Codice applicativo e configurazioni nel modulo coerente con l’architettura approvata.
- API/servizi di dominio, validazioni e documentazione tecnica aggiornata.
- Interfaccia web/mobile con stati di caricamento, vuoto, errore e successo.
- Configurazione infrastrutturale, osservabilità e runbook pertinenti.
- Test automatici e breve evidenza di verifica collegabile alla card.

DIPENDENZE
EP04-06, EP06, EP08

STIMA INIZIALE
2–4 giorni

PROMPT CURSOR
CONTESTO STANDARD — FANTAPPERÒ
Stai lavorando su FantApperò, una piattaforma fantasy football web con backend Python/FastAPI, frontend React/TypeScript, PostgreSQL, Redis, worker asincroni e integrazione centralizzata con API-Football. L’architettura approvata è un monolite modulare API-first. Gli ambienti locali e i servizi applicativi devono essere gestiti con Docker e Docker Compose.

REGOLE GENERALI OBBLIGATORIE
- Usa l’italiano come lingua predefinita per interfaccia, messaggi utente, dati seed, documentazione funzionale e nuovi contenuti. Predisponi il codice per una futura internazionalizzazione, senza implementare ora lingue aggiuntive se la card non lo richiede.
- Non modificare funzionalità, regole di gioco, API, schema dati, configurazioni o componenti non necessari alla card.
- Non cancellare o rinominare codice, migrazioni, dati, test o funzioni esistenti senza una motivazione tecnica esplicita e verificata.
- Prima di creare qualcosa, controlla cosa esiste già e riusa pattern, moduli e componenti compatibili.
- Mantieni compatibilità con le funzionalità esistenti e non anticipare card o milestone successive.
- Non inserire segreti nel codice, nei log, nei test, nei commit o nella documentazione.
- Non usare Makefile, il comando `make` o wrapper equivalenti. Usa i normali comandi `docker compose` definiti dal progetto.
- Non presupporre servizi installati localmente: esegui backend, worker, database, Redis, migrazioni e test attraverso Docker Compose, salvo attività puramente frontend già previste diversamente dal repository.
- Se manca un servizio o un comando Compose necessario, aggiorna `compose.yaml` e la documentazione in modo minimale e coerente con lo scope.

INCARICO
- Card Trello: EP09-02 — Reminder kickoff e formazione
- Dipendenze dichiarate: EP04-06, EP06, EP08

Prima di modificare il codice:
1. analizza la struttura del progetto aperto e individua tutti i file coinvolti nella card;
2. leggi il README e la documentazione architetturale o tecnica effettivamente presenti e pertinenti;
3. verifica cosa esiste già ed evita implementazioni duplicate;
4. controlla che le dipendenze funzionali dichiarate siano già implementate; se manca una dipendenza bloccante, fermati e descrivi con precisione cosa manca;
5. indicami brevemente il piano che seguirai prima di applicare le modifiche;
6. riusa pattern, servizi e componenti già adottati quando sono compatibili;
7. non introdurre segreti, credenziali, dipendenze non necessarie o modifiche fuori scope.

USER STORY
Come utente voglio ricevere avvisi utili e tempestivi senza rumore.

ATTIVITÀ RICHIESTE
- Avvisare per giocatori a rischio e prossime scadenze.
- Implementare outbox, template versionati e preferenze.
- Misurare invii, errori e deduplicazione.

VINCOLI DI IMPLEMENTAZIONE
- Rispetta il monolite modulare API-first, i confini di dominio e il modello dati approvati.
- Le autorizzazioni e le validazioni decisive devono essere applicate lato server.
- Le operazioni che cambiano crediti, rose, mercato, risultati o configurazioni devono essere atomiche e auditabili.
- Mantieni retrocompatibilità con migrazioni e API esistenti; se non è possibile, documenta esplicitamente la decisione.
- Non implementare funzionalità appartenenti a card successive.
- Aggiungi log e metriche utili senza esporre dati personali o segreti.

CRITERI DI ACCETTAZIONE
- Orari corretti per fuso e preferenze; nessun avviso dopo kickoff.
- Test su fuso orario e retry superati.

TEST MINIMI
- Test unitari delle regole e delle validazioni introdotte.
- Test del flusso UI positivo, vuoto, errore e permessi insufficienti.
- Smoke test dell’ambiente e verifica di log, metriche, retry e configurazione.

DELIVERABLE ATTESI
- Codice applicativo e configurazioni nel modulo coerente con l’architettura approvata.
- API/servizi di dominio, validazioni e documentazione tecnica aggiornata.
- Interfaccia web/mobile con stati di caricamento, vuoto, errore e successo.
- Configurazione infrastrutturale, osservabilità e runbook pertinenti.
- Test automatici e breve evidenza di verifica collegabile alla card.

CHIUSURA DEL LAVORO
- Esegui lint, type-check, test pertinenti e build dei moduli toccati usando i comandi ordinari `docker compose`; non usare `make`.
- Riporta file modificati, migrazioni, comandi eseguiti e relativi esiti.
- Spiega le decisioni tecniche non ovvie e gli eventuali rischi residui.
- Se qualcosa non è verificabile nell’ambiente disponibile, dichiaralo chiaramente senza simulare un esito positivo.
- Non creare commit o push se non richiesto espressamente.
",M4 — Ready,"M4, EP09, Must, Backend, Frontend, Infrastructure",,,52
EP09-03 — Eventi mercato e risultati,"CODICE: EP09-03

USER STORY
Come utente voglio ricevere avvisi utili e tempestivi senza rumore.

OBIETTIVO E SCOPE
- Notificare esiti buste, scambi, correzioni e omologazione.
- Implementare outbox, template versionati e preferenze.
- Misurare invii, errori e deduplicazione.

CRITERI DI ACCETTAZIONE
- Ogni evento importante produce al massimo una notifica per canale.
- Test su fuso orario e retry superati.

TEST MINIMI
- Test unitari delle regole e delle validazioni introdotte.
- Test del flusso UI positivo, vuoto, errore e permessi insufficienti.
- Smoke test dell’ambiente e verifica di log, metriche, retry e configurazione.

DELIVERABLE
- Codice applicativo e configurazioni nel modulo coerente con l’architettura approvata.
- API/servizi di dominio, validazioni e documentazione tecnica aggiornata.
- Interfaccia web/mobile con stati di caricamento, vuoto, errore e successo.
- Configurazione infrastrutturale, osservabilità e runbook pertinenti.
- Test automatici e breve evidenza di verifica collegabile alla card.

DIPENDENZE
EP04-06, EP06, EP08

STIMA INIZIALE
2–4 giorni

PROMPT CURSOR
CONTESTO STANDARD — FANTAPPERÒ
Stai lavorando su FantApperò, una piattaforma fantasy football web con backend Python/FastAPI, frontend React/TypeScript, PostgreSQL, Redis, worker asincroni e integrazione centralizzata con API-Football. L’architettura approvata è un monolite modulare API-first. Gli ambienti locali e i servizi applicativi devono essere gestiti con Docker e Docker Compose.

REGOLE GENERALI OBBLIGATORIE
- Usa l’italiano come lingua predefinita per interfaccia, messaggi utente, dati seed, documentazione funzionale e nuovi contenuti. Predisponi il codice per una futura internazionalizzazione, senza implementare ora lingue aggiuntive se la card non lo richiede.
- Non modificare funzionalità, regole di gioco, API, schema dati, configurazioni o componenti non necessari alla card.
- Non cancellare o rinominare codice, migrazioni, dati, test o funzioni esistenti senza una motivazione tecnica esplicita e verificata.
- Prima di creare qualcosa, controlla cosa esiste già e riusa pattern, moduli e componenti compatibili.
- Mantieni compatibilità con le funzionalità esistenti e non anticipare card o milestone successive.
- Non inserire segreti nel codice, nei log, nei test, nei commit o nella documentazione.
- Non usare Makefile, il comando `make` o wrapper equivalenti. Usa i normali comandi `docker compose` definiti dal progetto.
- Non presupporre servizi installati localmente: esegui backend, worker, database, Redis, migrazioni e test attraverso Docker Compose, salvo attività puramente frontend già previste diversamente dal repository.
- Se manca un servizio o un comando Compose necessario, aggiorna `compose.yaml` e la documentazione in modo minimale e coerente con lo scope.

INCARICO
- Card Trello: EP09-03 — Eventi mercato e risultati
- Dipendenze dichiarate: EP04-06, EP06, EP08

Prima di modificare il codice:
1. analizza la struttura del progetto aperto e individua tutti i file coinvolti nella card;
2. leggi il README e la documentazione architetturale o tecnica effettivamente presenti e pertinenti;
3. verifica cosa esiste già ed evita implementazioni duplicate;
4. controlla che le dipendenze funzionali dichiarate siano già implementate; se manca una dipendenza bloccante, fermati e descrivi con precisione cosa manca;
5. indicami brevemente il piano che seguirai prima di applicare le modifiche;
6. riusa pattern, servizi e componenti già adottati quando sono compatibili;
7. non introdurre segreti, credenziali, dipendenze non necessarie o modifiche fuori scope.

USER STORY
Come utente voglio ricevere avvisi utili e tempestivi senza rumore.

ATTIVITÀ RICHIESTE
- Notificare esiti buste, scambi, correzioni e omologazione.
- Implementare outbox, template versionati e preferenze.
- Misurare invii, errori e deduplicazione.

VINCOLI DI IMPLEMENTAZIONE
- Rispetta il monolite modulare API-first, i confini di dominio e il modello dati approvati.
- Le autorizzazioni e le validazioni decisive devono essere applicate lato server.
- Le operazioni che cambiano crediti, rose, mercato, risultati o configurazioni devono essere atomiche e auditabili.
- Mantieni retrocompatibilità con migrazioni e API esistenti; se non è possibile, documenta esplicitamente la decisione.
- Non implementare funzionalità appartenenti a card successive.
- Aggiungi log e metriche utili senza esporre dati personali o segreti.

CRITERI DI ACCETTAZIONE
- Ogni evento importante produce al massimo una notifica per canale.
- Test su fuso orario e retry superati.

TEST MINIMI
- Test unitari delle regole e delle validazioni introdotte.
- Test del flusso UI positivo, vuoto, errore e permessi insufficienti.
- Smoke test dell’ambiente e verifica di log, metriche, retry e configurazione.

DELIVERABLE ATTESI
- Codice applicativo e configurazioni nel modulo coerente con l’architettura approvata.
- API/servizi di dominio, validazioni e documentazione tecnica aggiornata.
- Interfaccia web/mobile con stati di caricamento, vuoto, errore e successo.
- Configurazione infrastrutturale, osservabilità e runbook pertinenti.
- Test automatici e breve evidenza di verifica collegabile alla card.

CHIUSURA DEL LAVORO
- Esegui lint, type-check, test pertinenti e build dei moduli toccati usando i comandi ordinari `docker compose`; non usare `make`.
- Riporta file modificati, migrazioni, comandi eseguiti e relativi esiti.
- Spiega le decisioni tecniche non ovvie e gli eventuali rischi residui.
- Se qualcosa non è verificabile nell’ambiente disponibile, dichiaralo chiaramente senza simulare un esito positivo.
- Non creare commit o push se non richiesto espressamente.
",M4 — Ready,"M4, EP09, Must, Backend, Frontend, Infrastructure",,,53
EP09-04 — Aggiornamento live client,"CODICE: EP09-04

USER STORY
Come utente voglio ricevere avvisi utili e tempestivi senza rumore.

OBIETTIVO E SCOPE
- Aggiornare fixture, punteggi provvisori e stati con polling/SSE.
- Implementare outbox, template versionati e preferenze.
- Misurare invii, errori e deduplicazione.

CRITERI DI ACCETTAZIONE
- Fallback automatico; UI distingue provvisorio e finale.
- Test su fuso orario e retry superati.

TEST MINIMI
- Test unitari delle regole e delle validazioni introdotte.
- Test del flusso UI positivo, vuoto, errore e permessi insufficienti.
- Smoke test dell’ambiente e verifica di log, metriche, retry e configurazione.

DELIVERABLE
- Codice applicativo e configurazioni nel modulo coerente con l’architettura approvata.
- API/servizi di dominio, validazioni e documentazione tecnica aggiornata.
- Interfaccia web/mobile con stati di caricamento, vuoto, errore e successo.
- Configurazione infrastrutturale, osservabilità e runbook pertinenti.
- Test automatici e breve evidenza di verifica collegabile alla card.

DIPENDENZE
EP04-06, EP06, EP08

STIMA INIZIALE
2–4 giorni

PROMPT CURSOR
CONTESTO STANDARD — FANTAPPERÒ
Stai lavorando su FantApperò, una piattaforma fantasy football web con backend Python/FastAPI, frontend React/TypeScript, PostgreSQL, Redis, worker asincroni e integrazione centralizzata con API-Football. L’architettura approvata è un monolite modulare API-first. Gli ambienti locali e i servizi applicativi devono essere gestiti con Docker e Docker Compose.

REGOLE GENERALI OBBLIGATORIE
- Usa l’italiano come lingua predefinita per interfaccia, messaggi utente, dati seed, documentazione funzionale e nuovi contenuti. Predisponi il codice per una futura internazionalizzazione, senza implementare ora lingue aggiuntive se la card non lo richiede.
- Non modificare funzionalità, regole di gioco, API, schema dati, configurazioni o componenti non necessari alla card.
- Non cancellare o rinominare codice, migrazioni, dati, test o funzioni esistenti senza una motivazione tecnica esplicita e verificata.
- Prima di creare qualcosa, controlla cosa esiste già e riusa pattern, moduli e componenti compatibili.
- Mantieni compatibilità con le funzionalità esistenti e non anticipare card o milestone successive.
- Non inserire segreti nel codice, nei log, nei test, nei commit o nella documentazione.
- Non usare Makefile, il comando `make` o wrapper equivalenti. Usa i normali comandi `docker compose` definiti dal progetto.
- Non presupporre servizi installati localmente: esegui backend, worker, database, Redis, migrazioni e test attraverso Docker Compose, salvo attività puramente frontend già previste diversamente dal repository.
- Se manca un servizio o un comando Compose necessario, aggiorna `compose.yaml` e la documentazione in modo minimale e coerente con lo scope.

INCARICO
- Card Trello: EP09-04 — Aggiornamento live client
- Dipendenze dichiarate: EP04-06, EP06, EP08

Prima di modificare il codice:
1. analizza la struttura del progetto aperto e individua tutti i file coinvolti nella card;
2. leggi il README e la documentazione architetturale o tecnica effettivamente presenti e pertinenti;
3. verifica cosa esiste già ed evita implementazioni duplicate;
4. controlla che le dipendenze funzionali dichiarate siano già implementate; se manca una dipendenza bloccante, fermati e descrivi con precisione cosa manca;
5. indicami brevemente il piano che seguirai prima di applicare le modifiche;
6. riusa pattern, servizi e componenti già adottati quando sono compatibili;
7. non introdurre segreti, credenziali, dipendenze non necessarie o modifiche fuori scope.

USER STORY
Come utente voglio ricevere avvisi utili e tempestivi senza rumore.

ATTIVITÀ RICHIESTE
- Aggiornare fixture, punteggi provvisori e stati con polling/SSE.
- Implementare outbox, template versionati e preferenze.
- Misurare invii, errori e deduplicazione.

VINCOLI DI IMPLEMENTAZIONE
- Rispetta il monolite modulare API-first, i confini di dominio e il modello dati approvati.
- Le autorizzazioni e le validazioni decisive devono essere applicate lato server.
- Le operazioni che cambiano crediti, rose, mercato, risultati o configurazioni devono essere atomiche e auditabili.
- Mantieni retrocompatibilità con migrazioni e API esistenti; se non è possibile, documenta esplicitamente la decisione.
- Non implementare funzionalità appartenenti a card successive.
- Aggiungi log e metriche utili senza esporre dati personali o segreti.

CRITERI DI ACCETTAZIONE
- Fallback automatico; UI distingue provvisorio e finale.
- Test su fuso orario e retry superati.

TEST MINIMI
- Test unitari delle regole e delle validazioni introdotte.
- Test del flusso UI positivo, vuoto, errore e permessi insufficienti.
- Smoke test dell’ambiente e verifica di log, metriche, retry e configurazione.

DELIVERABLE ATTESI
- Codice applicativo e configurazioni nel modulo coerente con l’architettura approvata.
- API/servizi di dominio, validazioni e documentazione tecnica aggiornata.
- Interfaccia web/mobile con stati di caricamento, vuoto, errore e successo.
- Configurazione infrastrutturale, osservabilità e runbook pertinenti.
- Test automatici e breve evidenza di verifica collegabile alla card.

CHIUSURA DEL LAVORO
- Esegui lint, type-check, test pertinenti e build dei moduli toccati usando i comandi ordinari `docker compose`; non usare `make`.
- Riporta file modificati, migrazioni, comandi eseguiti e relativi esiti.
- Spiega le decisioni tecniche non ovvie e gli eventuali rischi residui.
- Se qualcosa non è verificabile nell’ambiente disponibile, dichiaralo chiaramente senza simulare un esito positivo.
- Non creare commit o push se non richiesto espressamente.
",M4 — Ready,"M4, EP09, Must, Backend, Frontend, Infrastructure",,,54
EP09-05 — Canali push/email,"CODICE: EP09-05

USER STORY
Come utente voglio ricevere avvisi utili e tempestivi senza rumore.

OBIETTIVO E SCOPE
- Integrare canali esterni rispettando opt-in e quiet hours.
- Implementare outbox, template versionati e preferenze.
- Misurare invii, errori e deduplicazione.

CRITERI DI ACCETTAZIONE
- Revoca efficace; errori esterni non bloccano il dominio.
- Test su fuso orario e retry superati.

TEST MINIMI
- Test unitari delle regole e delle validazioni introdotte.
- Test del flusso UI positivo, vuoto, errore e permessi insufficienti.
- Smoke test dell’ambiente e verifica di log, metriche, retry e configurazione.

DELIVERABLE
- Codice applicativo e configurazioni nel modulo coerente con l’architettura approvata.
- API/servizi di dominio, validazioni e documentazione tecnica aggiornata.
- Interfaccia web/mobile con stati di caricamento, vuoto, errore e successo.
- Configurazione infrastrutturale, osservabilità e runbook pertinenti.
- Test automatici e breve evidenza di verifica collegabile alla card.

DIPENDENZE
EP04-06, EP06, EP08

STIMA INIZIALE
2–4 giorni

PROMPT CURSOR
CONTESTO STANDARD — FANTAPPERÒ
Stai lavorando su FantApperò, una piattaforma fantasy football web con backend Python/FastAPI, frontend React/TypeScript, PostgreSQL, Redis, worker asincroni e integrazione centralizzata con API-Football. L’architettura approvata è un monolite modulare API-first. Gli ambienti locali e i servizi applicativi devono essere gestiti con Docker e Docker Compose.

REGOLE GENERALI OBBLIGATORIE
- Usa l’italiano come lingua predefinita per interfaccia, messaggi utente, dati seed, documentazione funzionale e nuovi contenuti. Predisponi il codice per una futura internazionalizzazione, senza implementare ora lingue aggiuntive se la card non lo richiede.
- Non modificare funzionalità, regole di gioco, API, schema dati, configurazioni o componenti non necessari alla card.
- Non cancellare o rinominare codice, migrazioni, dati, test o funzioni esistenti senza una motivazione tecnica esplicita e verificata.
- Prima di creare qualcosa, controlla cosa esiste già e riusa pattern, moduli e componenti compatibili.
- Mantieni compatibilità con le funzionalità esistenti e non anticipare card o milestone successive.
- Non inserire segreti nel codice, nei log, nei test, nei commit o nella documentazione.
- Non usare Makefile, il comando `make` o wrapper equivalenti. Usa i normali comandi `docker compose` definiti dal progetto.
- Non presupporre servizi installati localmente: esegui backend, worker, database, Redis, migrazioni e test attraverso Docker Compose, salvo attività puramente frontend già previste diversamente dal repository.
- Se manca un servizio o un comando Compose necessario, aggiorna `compose.yaml` e la documentazione in modo minimale e coerente con lo scope.

INCARICO
- Card Trello: EP09-05 — Canali push/email
- Dipendenze dichiarate: EP04-06, EP06, EP08

Prima di modificare il codice:
1. analizza la struttura del progetto aperto e individua tutti i file coinvolti nella card;
2. leggi il README e la documentazione architetturale o tecnica effettivamente presenti e pertinenti;
3. verifica cosa esiste già ed evita implementazioni duplicate;
4. controlla che le dipendenze funzionali dichiarate siano già implementate; se manca una dipendenza bloccante, fermati e descrivi con precisione cosa manca;
5. indicami brevemente il piano che seguirai prima di applicare le modifiche;
6. riusa pattern, servizi e componenti già adottati quando sono compatibili;
7. non introdurre segreti, credenziali, dipendenze non necessarie o modifiche fuori scope.

USER STORY
Come utente voglio ricevere avvisi utili e tempestivi senza rumore.

ATTIVITÀ RICHIESTE
- Integrare canali esterni rispettando opt-in e quiet hours.
- Implementare outbox, template versionati e preferenze.
- Misurare invii, errori e deduplicazione.

VINCOLI DI IMPLEMENTAZIONE
- Rispetta il monolite modulare API-first, i confini di dominio e il modello dati approvati.
- Le autorizzazioni e le validazioni decisive devono essere applicate lato server.
- Le operazioni che cambiano crediti, rose, mercato, risultati o configurazioni devono essere atomiche e auditabili.
- Mantieni retrocompatibilità con migrazioni e API esistenti; se non è possibile, documenta esplicitamente la decisione.
- Non implementare funzionalità appartenenti a card successive.
- Aggiungi log e metriche utili senza esporre dati personali o segreti.

CRITERI DI ACCETTAZIONE
- Revoca efficace; errori esterni non bloccano il dominio.
- Test su fuso orario e retry superati.

TEST MINIMI
- Test unitari delle regole e delle validazioni introdotte.
- Test del flusso UI positivo, vuoto, errore e permessi insufficienti.
- Smoke test dell’ambiente e verifica di log, metriche, retry e configurazione.

DELIVERABLE ATTESI
- Codice applicativo e configurazioni nel modulo coerente con l’architettura approvata.
- API/servizi di dominio, validazioni e documentazione tecnica aggiornata.
- Interfaccia web/mobile con stati di caricamento, vuoto, errore e successo.
- Configurazione infrastrutturale, osservabilità e runbook pertinenti.
- Test automatici e breve evidenza di verifica collegabile alla card.

CHIUSURA DEL LAVORO
- Esegui lint, type-check, test pertinenti e build dei moduli toccati usando i comandi ordinari `docker compose`; non usare `make`.
- Riporta file modificati, migrazioni, comandi eseguiti e relativi esiti.
- Spiega le decisioni tecniche non ovvie e gli eventuali rischi residui.
- Se qualcosa non è verificabile nell’ambiente disponibile, dichiaralo chiaramente senza simulare un esito positivo.
- Non creare commit o push se non richiesto espressamente.
",M4 — Ready,"M4, EP09, Should, Backend, Frontend, Infrastructure",,,55
EP10-01 — Feature store applicativo,"CODICE: EP10-01

USER STORY
Come utente voglio consigli motivati che mi aiutino a decidere senza agire al posto mio.

OBIETTIVO E SCOPE
- Preparare forma, minuti, avversario, calendario e disponibilità.
- Separare recupero dati, regole deterministiche e generazione linguistica.
- Salvare input, versione prompt/modello e output per audit tecnico.

CRITERI DI ACCETTAZIONE
- Feature datate, riproducibili e prive di leakage futuro.
- Nessuna azione viene eseguita senza conferma.

TEST MINIMI
- Test unitari delle regole e delle validazioni introdotte.
- Test del flusso UI positivo, vuoto, errore e permessi insufficienti.

DELIVERABLE
- Codice applicativo e configurazioni nel modulo coerente con l’architettura approvata.
- API/servizi di dominio, validazioni e documentazione tecnica aggiornata.
- Interfaccia web/mobile con stati di caricamento, vuoto, errore e successo.
- Test automatici e breve evidenza di verifica collegabile alla card.

DIPENDENZE
EP04, EP06, EP07

STIMA INIZIALE
2–4 giorni

PROMPT CURSOR
CONTESTO STANDARD — FANTAPPERÒ
Stai lavorando su FantApperò, una piattaforma fantasy football web con backend Python/FastAPI, frontend React/TypeScript, PostgreSQL, Redis, worker asincroni e integrazione centralizzata con API-Football. L’architettura approvata è un monolite modulare API-first. Gli ambienti locali e i servizi applicativi devono essere gestiti con Docker e Docker Compose.

REGOLE GENERALI OBBLIGATORIE
- Usa l’italiano come lingua predefinita per interfaccia, messaggi utente, dati seed, documentazione funzionale e nuovi contenuti. Predisponi il codice per una futura internazionalizzazione, senza implementare ora lingue aggiuntive se la card non lo richiede.
- Non modificare funzionalità, regole di gioco, API, schema dati, configurazioni o componenti non necessari alla card.
- Non cancellare o rinominare codice, migrazioni, dati, test o funzioni esistenti senza una motivazione tecnica esplicita e verificata.
- Prima di creare qualcosa, controlla cosa esiste già e riusa pattern, moduli e componenti compatibili.
- Mantieni compatibilità con le funzionalità esistenti e non anticipare card o milestone successive.
- Non inserire segreti nel codice, nei log, nei test, nei commit o nella documentazione.
- Non usare Makefile, il comando `make` o wrapper equivalenti. Usa i normali comandi `docker compose` definiti dal progetto.
- Non presupporre servizi installati localmente: esegui backend, worker, database, Redis, migrazioni e test attraverso Docker Compose, salvo attività puramente frontend già previste diversamente dal repository.
- Se manca un servizio o un comando Compose necessario, aggiorna `compose.yaml` e la documentazione in modo minimale e coerente con lo scope.

INCARICO
- Card Trello: EP10-01 — Feature store applicativo
- Dipendenze dichiarate: EP04, EP06, EP07

Prima di modificare il codice:
1. analizza la struttura del progetto aperto e individua tutti i file coinvolti nella card;
2. leggi il README e la documentazione architetturale o tecnica effettivamente presenti e pertinenti;
3. verifica cosa esiste già ed evita implementazioni duplicate;
4. controlla che le dipendenze funzionali dichiarate siano già implementate; se manca una dipendenza bloccante, fermati e descrivi con precisione cosa manca;
5. indicami brevemente il piano che seguirai prima di applicare le modifiche;
6. riusa pattern, servizi e componenti già adottati quando sono compatibili;
7. non introdurre segreti, credenziali, dipendenze non necessarie o modifiche fuori scope.

USER STORY
Come utente voglio consigli motivati che mi aiutino a decidere senza agire al posto mio.

ATTIVITÀ RICHIESTE
- Preparare forma, minuti, avversario, calendario e disponibilità.
- Separare recupero dati, regole deterministiche e generazione linguistica.
- Salvare input, versione prompt/modello e output per audit tecnico.

VINCOLI DI IMPLEMENTAZIONE
- Rispetta il monolite modulare API-first, i confini di dominio e il modello dati approvati.
- Le autorizzazioni e le validazioni decisive devono essere applicate lato server.
- Le operazioni che cambiano crediti, rose, mercato, risultati o configurazioni devono essere atomiche e auditabili.
- Mantieni retrocompatibilità con migrazioni e API esistenti; se non è possibile, documenta esplicitamente la decisione.
- Non implementare funzionalità appartenenti a card successive.
- Aggiungi log e metriche utili senza esporre dati personali o segreti.

CRITERI DI ACCETTAZIONE
- Feature datate, riproducibili e prive di leakage futuro.
- Nessuna azione viene eseguita senza conferma.

TEST MINIMI
- Test unitari delle regole e delle validazioni introdotte.
- Test del flusso UI positivo, vuoto, errore e permessi insufficienti.

DELIVERABLE ATTESI
- Codice applicativo e configurazioni nel modulo coerente con l’architettura approvata.
- API/servizi di dominio, validazioni e documentazione tecnica aggiornata.
- Interfaccia web/mobile con stati di caricamento, vuoto, errore e successo.
- Test automatici e breve evidenza di verifica collegabile alla card.

CHIUSURA DEL LAVORO
- Esegui lint, type-check, test pertinenti e build dei moduli toccati usando i comandi ordinari `docker compose`; non usare `make`.
- Riporta file modificati, migrazioni, comandi eseguiti e relativi esiti.
- Spiega le decisioni tecniche non ovvie e gli eventuali rischi residui.
- Se qualcosa non è verificabile nell’ambiente disponibile, dichiaralo chiaramente senza simulare un esito positivo.
- Non creare commit o push se non richiesto espressamente.
",M4 — Ready,"M4, EP10, Should, AI, Backend, Frontend",,,56
EP10-02 — Viceallenatore,"CODICE: EP10-02

USER STORY
Come utente voglio consigli motivati che mi aiutino a decidere senza agire al posto mio.

OBIETTIVO E SCOPE
- Suggerire formazione e uso mosse senza applicarle.
- Separare recupero dati, regole deterministiche e generazione linguistica.
- Salvare input, versione prompt/modello e output per audit tecnico.

CRITERI DI ACCETTAZIONE
- Ogni proposta rispetta rosa, modulo e cutoff e richiede conferma.
- Nessuna azione viene eseguita senza conferma.

TEST MINIMI
- Test unitari delle regole e delle validazioni introdotte.
- Test del flusso UI positivo, vuoto, errore e permessi insufficienti.

DELIVERABLE
- Codice applicativo e configurazioni nel modulo coerente con l’architettura approvata.
- API/servizi di dominio, validazioni e documentazione tecnica aggiornata.
- Interfaccia web/mobile con stati di caricamento, vuoto, errore e successo.
- Test automatici e breve evidenza di verifica collegabile alla card.

DIPENDENZE
EP04, EP06, EP07

STIMA INIZIALE
2–4 giorni

PROMPT CURSOR
CONTESTO STANDARD — FANTAPPERÒ
Stai lavorando su FantApperò, una piattaforma fantasy football web con backend Python/FastAPI, frontend React/TypeScript, PostgreSQL, Redis, worker asincroni e integrazione centralizzata con API-Football. L’architettura approvata è un monolite modulare API-first. Gli ambienti locali e i servizi applicativi devono essere gestiti con Docker e Docker Compose.

REGOLE GENERALI OBBLIGATORIE
- Usa l’italiano come lingua predefinita per interfaccia, messaggi utente, dati seed, documentazione funzionale e nuovi contenuti. Predisponi il codice per una futura internazionalizzazione, senza implementare ora lingue aggiuntive se la card non lo richiede.
- Non modificare funzionalità, regole di gioco, API, schema dati, configurazioni o componenti non necessari alla card.
- Non cancellare o rinominare codice, migrazioni, dati, test o funzioni esistenti senza una motivazione tecnica esplicita e verificata.
- Prima di creare qualcosa, controlla cosa esiste già e riusa pattern, moduli e componenti compatibili.
- Mantieni compatibilità con le funzionalità esistenti e non anticipare card o milestone successive.
- Non inserire segreti nel codice, nei log, nei test, nei commit o nella documentazione.
- Non usare Makefile, il comando `make` o wrapper equivalenti. Usa i normali comandi `docker compose` definiti dal progetto.
- Non presupporre servizi installati localmente: esegui backend, worker, database, Redis, migrazioni e test attraverso Docker Compose, salvo attività puramente frontend già previste diversamente dal repository.
- Se manca un servizio o un comando Compose necessario, aggiorna `compose.yaml` e la documentazione in modo minimale e coerente con lo scope.

INCARICO
- Card Trello: EP10-02 — Viceallenatore
- Dipendenze dichiarate: EP04, EP06, EP07

Prima di modificare il codice:
1. analizza la struttura del progetto aperto e individua tutti i file coinvolti nella card;
2. leggi il README e la documentazione architetturale o tecnica effettivamente presenti e pertinenti;
3. verifica cosa esiste già ed evita implementazioni duplicate;
4. controlla che le dipendenze funzionali dichiarate siano già implementate; se manca una dipendenza bloccante, fermati e descrivi con precisione cosa manca;
5. indicami brevemente il piano che seguirai prima di applicare le modifiche;
6. riusa pattern, servizi e componenti già adottati quando sono compatibili;
7. non introdurre segreti, credenziali, dipendenze non necessarie o modifiche fuori scope.

USER STORY
Come utente voglio consigli motivati che mi aiutino a decidere senza agire al posto mio.

ATTIVITÀ RICHIESTE
- Suggerire formazione e uso mosse senza applicarle.
- Separare recupero dati, regole deterministiche e generazione linguistica.
- Salvare input, versione prompt/modello e output per audit tecnico.

VINCOLI DI IMPLEMENTAZIONE
- Rispetta il monolite modulare API-first, i confini di dominio e il modello dati approvati.
- Le autorizzazioni e le validazioni decisive devono essere applicate lato server.
- Le operazioni che cambiano crediti, rose, mercato, risultati o configurazioni devono essere atomiche e auditabili.
- Mantieni retrocompatibilità con migrazioni e API esistenti; se non è possibile, documenta esplicitamente la decisione.
- Non implementare funzionalità appartenenti a card successive.
- Aggiungi log e metriche utili senza esporre dati personali o segreti.

CRITERI DI ACCETTAZIONE
- Ogni proposta rispetta rosa, modulo e cutoff e richiede conferma.
- Nessuna azione viene eseguita senza conferma.

TEST MINIMI
- Test unitari delle regole e delle validazioni introdotte.
- Test del flusso UI positivo, vuoto, errore e permessi insufficienti.

DELIVERABLE ATTESI
- Codice applicativo e configurazioni nel modulo coerente con l’architettura approvata.
- API/servizi di dominio, validazioni e documentazione tecnica aggiornata.
- Interfaccia web/mobile con stati di caricamento, vuoto, errore e successo.
- Test automatici e breve evidenza di verifica collegabile alla card.

CHIUSURA DEL LAVORO
- Esegui lint, type-check, test pertinenti e build dei moduli toccati usando i comandi ordinari `docker compose`; non usare `make`.
- Riporta file modificati, migrazioni, comandi eseguiti e relativi esiti.
- Spiega le decisioni tecniche non ovvie e gli eventuali rischi residui.
- Se qualcosa non è verificabile nell’ambiente disponibile, dichiaralo chiaramente senza simulare un esito positivo.
- Non creare commit o push se non richiesto espressamente.
",M4 — Ready,"M4, EP10, Should, AI, Backend, Frontend",,,57
EP10-03 — Osservatore,"CODICE: EP10-03

USER STORY
Come utente voglio consigli motivati che mi aiutino a decidere senza agire al posto mio.

OBIETTIVO E SCOPE
- Confrontare giocatori e suggerire svincolati/obiettivi.
- Separare recupero dati, regole deterministiche e generazione linguistica.
- Salvare input, versione prompt/modello e output per audit tecnico.

CRITERI DI ACCETTAZIONE
- Suggerimenti filtrati per eleggibilità, ruolo e budget.
- Nessuna azione viene eseguita senza conferma.

TEST MINIMI
- Test unitari delle regole e delle validazioni introdotte.
- Test del flusso UI positivo, vuoto, errore e permessi insufficienti.

DELIVERABLE
- Codice applicativo e configurazioni nel modulo coerente con l’architettura approvata.
- API/servizi di dominio, validazioni e documentazione tecnica aggiornata.
- Interfaccia web/mobile con stati di caricamento, vuoto, errore e successo.
- Test automatici e breve evidenza di verifica collegabile alla card.

DIPENDENZE
EP04, EP06, EP07

STIMA INIZIALE
2–4 giorni

PROMPT CURSOR
CONTESTO STANDARD — FANTAPPERÒ
Stai lavorando su FantApperò, una piattaforma fantasy football web con backend Python/FastAPI, frontend React/TypeScript, PostgreSQL, Redis, worker asincroni e integrazione centralizzata con API-Football. L’architettura approvata è un monolite modulare API-first. Gli ambienti locali e i servizi applicativi devono essere gestiti con Docker e Docker Compose.

REGOLE GENERALI OBBLIGATORIE
- Usa l’italiano come lingua predefinita per interfaccia, messaggi utente, dati seed, documentazione funzionale e nuovi contenuti. Predisponi il codice per una futura internazionalizzazione, senza implementare ora lingue aggiuntive se la card non lo richiede.
- Non modificare funzionalità, regole di gioco, API, schema dati, configurazioni o componenti non necessari alla card.
- Non cancellare o rinominare codice, migrazioni, dati, test o funzioni esistenti senza una motivazione tecnica esplicita e verificata.
- Prima di creare qualcosa, controlla cosa esiste già e riusa pattern, moduli e componenti compatibili.
- Mantieni compatibilità con le funzionalità esistenti e non anticipare card o milestone successive.
- Non inserire segreti nel codice, nei log, nei test, nei commit o nella documentazione.
- Non usare Makefile, il comando `make` o wrapper equivalenti. Usa i normali comandi `docker compose` definiti dal progetto.
- Non presupporre servizi installati localmente: esegui backend, worker, database, Redis, migrazioni e test attraverso Docker Compose, salvo attività puramente frontend già previste diversamente dal repository.
- Se manca un servizio o un comando Compose necessario, aggiorna `compose.yaml` e la documentazione in modo minimale e coerente con lo scope.

INCARICO
- Card Trello: EP10-03 — Osservatore
- Dipendenze dichiarate: EP04, EP06, EP07

Prima di modificare il codice:
1. analizza la struttura del progetto aperto e individua tutti i file coinvolti nella card;
2. leggi il README e la documentazione architetturale o tecnica effettivamente presenti e pertinenti;
3. verifica cosa esiste già ed evita implementazioni duplicate;
4. controlla che le dipendenze funzionali dichiarate siano già implementate; se manca una dipendenza bloccante, fermati e descrivi con precisione cosa manca;
5. indicami brevemente il piano che seguirai prima di applicare le modifiche;
6. riusa pattern, servizi e componenti già adottati quando sono compatibili;
7. non introdurre segreti, credenziali, dipendenze non necessarie o modifiche fuori scope.

USER STORY
Come utente voglio consigli motivati che mi aiutino a decidere senza agire al posto mio.

ATTIVITÀ RICHIESTE
- Confrontare giocatori e suggerire svincolati/obiettivi.
- Separare recupero dati, regole deterministiche e generazione linguistica.
- Salvare input, versione prompt/modello e output per audit tecnico.

VINCOLI DI IMPLEMENTAZIONE
- Rispetta il monolite modulare API-first, i confini di dominio e il modello dati approvati.
- Le autorizzazioni e le validazioni decisive devono essere applicate lato server.
- Le operazioni che cambiano crediti, rose, mercato, risultati o configurazioni devono essere atomiche e auditabili.
- Mantieni retrocompatibilità con migrazioni e API esistenti; se non è possibile, documenta esplicitamente la decisione.
- Non implementare funzionalità appartenenti a card successive.
- Aggiungi log e metriche utili senza esporre dati personali o segreti.

CRITERI DI ACCETTAZIONE
- Suggerimenti filtrati per eleggibilità, ruolo e budget.
- Nessuna azione viene eseguita senza conferma.

TEST MINIMI
- Test unitari delle regole e delle validazioni introdotte.
- Test del flusso UI positivo, vuoto, errore e permessi insufficienti.

DELIVERABLE ATTESI
- Codice applicativo e configurazioni nel modulo coerente con l’architettura approvata.
- API/servizi di dominio, validazioni e documentazione tecnica aggiornata.
- Interfaccia web/mobile con stati di caricamento, vuoto, errore e successo.
- Test automatici e breve evidenza di verifica collegabile alla card.

CHIUSURA DEL LAVORO
- Esegui lint, type-check, test pertinenti e build dei moduli toccati usando i comandi ordinari `docker compose`; non usare `make`.
- Riporta file modificati, migrazioni, comandi eseguiti e relativi esiti.
- Spiega le decisioni tecniche non ovvie e gli eventuali rischi residui.
- Se qualcosa non è verificabile nell’ambiente disponibile, dichiaralo chiaramente senza simulare un esito positivo.
- Non creare commit o push se non richiesto espressamente.
",M4 — Ready,"M4, EP10, Should, AI, Backend, Frontend",,,58
EP10-04 — Analista,"CODICE: EP10-04

USER STORY
Come utente voglio consigli motivati che mi aiutino a decidere senza agire al posto mio.

OBIETTIVO E SCOPE
- Spiegare forma, rischio, affidabilità e dati usati.
- Separare recupero dati, regole deterministiche e generazione linguistica.
- Salvare input, versione prompt/modello e output per audit tecnico.

CRITERI DI ACCETTAZIONE
- Risposta mostra timestamp, motivazione e limiti.
- Nessuna azione viene eseguita senza conferma.

TEST MINIMI
- Test unitari delle regole e delle validazioni introdotte.
- Test del flusso UI positivo, vuoto, errore e permessi insufficienti.

DELIVERABLE
- Codice applicativo e configurazioni nel modulo coerente con l’architettura approvata.
- API/servizi di dominio, validazioni e documentazione tecnica aggiornata.
- Interfaccia web/mobile con stati di caricamento, vuoto, errore e successo.
- Test automatici e breve evidenza di verifica collegabile alla card.

DIPENDENZE
EP04, EP06, EP07

STIMA INIZIALE
2–4 giorni

PROMPT CURSOR
CONTESTO STANDARD — FANTAPPERÒ
Stai lavorando su FantApperò, una piattaforma fantasy football web con backend Python/FastAPI, frontend React/TypeScript, PostgreSQL, Redis, worker asincroni e integrazione centralizzata con API-Football. L’architettura approvata è un monolite modulare API-first. Gli ambienti locali e i servizi applicativi devono essere gestiti con Docker e Docker Compose.

REGOLE GENERALI OBBLIGATORIE
- Usa l’italiano come lingua predefinita per interfaccia, messaggi utente, dati seed, documentazione funzionale e nuovi contenuti. Predisponi il codice per una futura internazionalizzazione, senza implementare ora lingue aggiuntive se la card non lo richiede.
- Non modificare funzionalità, regole di gioco, API, schema dati, configurazioni o componenti non necessari alla card.
- Non cancellare o rinominare codice, migrazioni, dati, test o funzioni esistenti senza una motivazione tecnica esplicita e verificata.
- Prima di creare qualcosa, controlla cosa esiste già e riusa pattern, moduli e componenti compatibili.
- Mantieni compatibilità con le funzionalità esistenti e non anticipare card o milestone successive.
- Non inserire segreti nel codice, nei log, nei test, nei commit o nella documentazione.
- Non usare Makefile, il comando `make` o wrapper equivalenti. Usa i normali comandi `docker compose` definiti dal progetto.
- Non presupporre servizi installati localmente: esegui backend, worker, database, Redis, migrazioni e test attraverso Docker Compose, salvo attività puramente frontend già previste diversamente dal repository.
- Se manca un servizio o un comando Compose necessario, aggiorna `compose.yaml` e la documentazione in modo minimale e coerente con lo scope.

INCARICO
- Card Trello: EP10-04 — Analista
- Dipendenze dichiarate: EP04, EP06, EP07

Prima di modificare il codice:
1. analizza la struttura del progetto aperto e individua tutti i file coinvolti nella card;
2. leggi il README e la documentazione architetturale o tecnica effettivamente presenti e pertinenti;
3. verifica cosa esiste già ed evita implementazioni duplicate;
4. controlla che le dipendenze funzionali dichiarate siano già implementate; se manca una dipendenza bloccante, fermati e descrivi con precisione cosa manca;
5. indicami brevemente il piano che seguirai prima di applicare le modifiche;
6. riusa pattern, servizi e componenti già adottati quando sono compatibili;
7. non introdurre segreti, credenziali, dipendenze non necessarie o modifiche fuori scope.

USER STORY
Come utente voglio consigli motivati che mi aiutino a decidere senza agire al posto mio.

ATTIVITÀ RICHIESTE
- Spiegare forma, rischio, affidabilità e dati usati.
- Separare recupero dati, regole deterministiche e generazione linguistica.
- Salvare input, versione prompt/modello e output per audit tecnico.

VINCOLI DI IMPLEMENTAZIONE
- Rispetta il monolite modulare API-first, i confini di dominio e il modello dati approvati.
- Le autorizzazioni e le validazioni decisive devono essere applicate lato server.
- Le operazioni che cambiano crediti, rose, mercato, risultati o configurazioni devono essere atomiche e auditabili.
- Mantieni retrocompatibilità con migrazioni e API esistenti; se non è possibile, documenta esplicitamente la decisione.
- Non implementare funzionalità appartenenti a card successive.
- Aggiungi log e metriche utili senza esporre dati personali o segreti.

CRITERI DI ACCETTAZIONE
- Risposta mostra timestamp, motivazione e limiti.
- Nessuna azione viene eseguita senza conferma.

TEST MINIMI
- Test unitari delle regole e delle validazioni introdotte.
- Test del flusso UI positivo, vuoto, errore e permessi insufficienti.

DELIVERABLE ATTESI
- Codice applicativo e configurazioni nel modulo coerente con l’architettura approvata.
- API/servizi di dominio, validazioni e documentazione tecnica aggiornata.
- Interfaccia web/mobile con stati di caricamento, vuoto, errore e successo.
- Test automatici e breve evidenza di verifica collegabile alla card.

CHIUSURA DEL LAVORO
- Esegui lint, type-check, test pertinenti e build dei moduli toccati usando i comandi ordinari `docker compose`; non usare `make`.
- Riporta file modificati, migrazioni, comandi eseguiti e relativi esiti.
- Spiega le decisioni tecniche non ovvie e gli eventuali rischi residui.
- Se qualcosa non è verificabile nell’ambiente disponibile, dichiaralo chiaramente senza simulare un esito positivo.
- Non creare commit o push se non richiesto espressamente.
",M4 — Ready,"M4, EP10, Should, AI, Backend, Frontend",,,59
"EP10-05 — Limiti, costi e feedback","CODICE: EP10-05

USER STORY
Come utente voglio consigli motivati che mi aiutino a decidere senza agire al posto mio.

OBIETTIVO E SCOPE
- Quote Gratis/Pro, caching, moderazione e valutazione utilità.
- Separare recupero dati, regole deterministiche e generazione linguistica.
- Salvare input, versione prompt/modello e output per audit tecnico.

CRITERI DI ACCETTAZIONE
- Budget per utente controllato; feedback registrato senza cambiare azioni di gioco.
- Nessuna azione viene eseguita senza conferma.

TEST MINIMI
- Test unitari delle regole e delle validazioni introdotte.
- Test del flusso UI positivo, vuoto, errore e permessi insufficienti.

DELIVERABLE
- Codice applicativo e configurazioni nel modulo coerente con l’architettura approvata.
- API/servizi di dominio, validazioni e documentazione tecnica aggiornata.
- Interfaccia web/mobile con stati di caricamento, vuoto, errore e successo.
- Test automatici e breve evidenza di verifica collegabile alla card.

DIPENDENZE
EP04, EP06, EP07

STIMA INIZIALE
2–4 giorni

PROMPT CURSOR
CONTESTO STANDARD — FANTAPPERÒ
Stai lavorando su FantApperò, una piattaforma fantasy football web con backend Python/FastAPI, frontend React/TypeScript, PostgreSQL, Redis, worker asincroni e integrazione centralizzata con API-Football. L’architettura approvata è un monolite modulare API-first. Gli ambienti locali e i servizi applicativi devono essere gestiti con Docker e Docker Compose.

REGOLE GENERALI OBBLIGATORIE
- Usa l’italiano come lingua predefinita per interfaccia, messaggi utente, dati seed, documentazione funzionale e nuovi contenuti. Predisponi il codice per una futura internazionalizzazione, senza implementare ora lingue aggiuntive se la card non lo richiede.
- Non modificare funzionalità, regole di gioco, API, schema dati, configurazioni o componenti non necessari alla card.
- Non cancellare o rinominare codice, migrazioni, dati, test o funzioni esistenti senza una motivazione tecnica esplicita e verificata.
- Prima di creare qualcosa, controlla cosa esiste già e riusa pattern, moduli e componenti compatibili.
- Mantieni compatibilità con le funzionalità esistenti e non anticipare card o milestone successive.
- Non inserire segreti nel codice, nei log, nei test, nei commit o nella documentazione.
- Non usare Makefile, il comando `make` o wrapper equivalenti. Usa i normali comandi `docker compose` definiti dal progetto.
- Non presupporre servizi installati localmente: esegui backend, worker, database, Redis, migrazioni e test attraverso Docker Compose, salvo attività puramente frontend già previste diversamente dal repository.
- Se manca un servizio o un comando Compose necessario, aggiorna `compose.yaml` e la documentazione in modo minimale e coerente con lo scope.

INCARICO
- Card Trello: EP10-05 — Limiti, costi e feedback
- Dipendenze dichiarate: EP04, EP06, EP07

Prima di modificare il codice:
1. analizza la struttura del progetto aperto e individua tutti i file coinvolti nella card;
2. leggi il README e la documentazione architetturale o tecnica effettivamente presenti e pertinenti;
3. verifica cosa esiste già ed evita implementazioni duplicate;
4. controlla che le dipendenze funzionali dichiarate siano già implementate; se manca una dipendenza bloccante, fermati e descrivi con precisione cosa manca;
5. indicami brevemente il piano che seguirai prima di applicare le modifiche;
6. riusa pattern, servizi e componenti già adottati quando sono compatibili;
7. non introdurre segreti, credenziali, dipendenze non necessarie o modifiche fuori scope.

USER STORY
Come utente voglio consigli motivati che mi aiutino a decidere senza agire al posto mio.

ATTIVITÀ RICHIESTE
- Quote Gratis/Pro, caching, moderazione e valutazione utilità.
- Separare recupero dati, regole deterministiche e generazione linguistica.
- Salvare input, versione prompt/modello e output per audit tecnico.

VINCOLI DI IMPLEMENTAZIONE
- Rispetta il monolite modulare API-first, i confini di dominio e il modello dati approvati.
- Le autorizzazioni e le validazioni decisive devono essere applicate lato server.
- Le operazioni che cambiano crediti, rose, mercato, risultati o configurazioni devono essere atomiche e auditabili.
- Mantieni retrocompatibilità con migrazioni e API esistenti; se non è possibile, documenta esplicitamente la decisione.
- Non implementare funzionalità appartenenti a card successive.
- Aggiungi log e metriche utili senza esporre dati personali o segreti.

CRITERI DI ACCETTAZIONE
- Budget per utente controllato; feedback registrato senza cambiare azioni di gioco.
- Nessuna azione viene eseguita senza conferma.

TEST MINIMI
- Test unitari delle regole e delle validazioni introdotte.
- Test del flusso UI positivo, vuoto, errore e permessi insufficienti.

DELIVERABLE ATTESI
- Codice applicativo e configurazioni nel modulo coerente con l’architettura approvata.
- API/servizi di dominio, validazioni e documentazione tecnica aggiornata.
- Interfaccia web/mobile con stati di caricamento, vuoto, errore e successo.
- Test automatici e breve evidenza di verifica collegabile alla card.

CHIUSURA DEL LAVORO
- Esegui lint, type-check, test pertinenti e build dei moduli toccati usando i comandi ordinari `docker compose`; non usare `make`.
- Riporta file modificati, migrazioni, comandi eseguiti e relativi esiti.
- Spiega le decisioni tecniche non ovvie e gli eventuali rischi residui.
- Se qualcosa non è verificabile nell’ambiente disponibile, dichiaralo chiaramente senza simulare un esito positivo.
- Non creare commit o push se non richiesto espressamente.
",M4 — Ready,"M4, EP10, Should, AI, Backend, Frontend",,,60
EP11-01 — Entitlement Gratis e Pro,"CODICE: EP11-01

USER STORY
Come piattaforma vogliamo monetizzare e operare il servizio con trasparenza.

OBIETTIVO E SCOPE
- Gestire limiti IA e funzionalità senza vantaggi competitivi.
- Definire entità, API, UI e autorizzazioni.
- Aggiungere test webhook/audit e documentazione operativa.

CRITERI DI ACCETTAZIONE
- Entitlement verificati lato server; downgrade sicuro.
- Nessun entitlement modifica crediti, mosse, cambi o punteggi.

TEST MINIMI
- Test unitari delle regole e delle validazioni introdotte.
- Test del flusso UI positivo, vuoto, errore e permessi insufficienti.
- Smoke test dell’ambiente e verifica di log, metriche, retry e configurazione.

DELIVERABLE
- Codice applicativo e configurazioni nel modulo coerente con l’architettura approvata.
- API/servizi di dominio, validazioni e documentazione tecnica aggiornata.
- Interfaccia web/mobile con stati di caricamento, vuoto, errore e successo.
- Configurazione infrastrutturale, osservabilità e runbook pertinenti.
- Test automatici e breve evidenza di verifica collegabile alla card.

DIPENDENZE
EP02-03, EP07, EP10

STIMA INIZIALE
2–4 giorni

PROMPT CURSOR
CONTESTO STANDARD — FANTAPPERÒ
Stai lavorando su FantApperò, una piattaforma fantasy football web con backend Python/FastAPI, frontend React/TypeScript, PostgreSQL, Redis, worker asincroni e integrazione centralizzata con API-Football. L’architettura approvata è un monolite modulare API-first. Gli ambienti locali e i servizi applicativi devono essere gestiti con Docker e Docker Compose.

REGOLE GENERALI OBBLIGATORIE
- Usa l’italiano come lingua predefinita per interfaccia, messaggi utente, dati seed, documentazione funzionale e nuovi contenuti. Predisponi il codice per una futura internazionalizzazione, senza implementare ora lingue aggiuntive se la card non lo richiede.
- Non modificare funzionalità, regole di gioco, API, schema dati, configurazioni o componenti non necessari alla card.
- Non cancellare o rinominare codice, migrazioni, dati, test o funzioni esistenti senza una motivazione tecnica esplicita e verificata.
- Prima di creare qualcosa, controlla cosa esiste già e riusa pattern, moduli e componenti compatibili.
- Mantieni compatibilità con le funzionalità esistenti e non anticipare card o milestone successive.
- Non inserire segreti nel codice, nei log, nei test, nei commit o nella documentazione.
- Non usare Makefile, il comando `make` o wrapper equivalenti. Usa i normali comandi `docker compose` definiti dal progetto.
- Non presupporre servizi installati localmente: esegui backend, worker, database, Redis, migrazioni e test attraverso Docker Compose, salvo attività puramente frontend già previste diversamente dal repository.
- Se manca un servizio o un comando Compose necessario, aggiorna `compose.yaml` e la documentazione in modo minimale e coerente con lo scope.

INCARICO
- Card Trello: EP11-01 — Entitlement Gratis e Pro
- Dipendenze dichiarate: EP02-03, EP07, EP10

Prima di modificare il codice:
1. analizza la struttura del progetto aperto e individua tutti i file coinvolti nella card;
2. leggi il README e la documentazione architetturale o tecnica effettivamente presenti e pertinenti;
3. verifica cosa esiste già ed evita implementazioni duplicate;
4. controlla che le dipendenze funzionali dichiarate siano già implementate; se manca una dipendenza bloccante, fermati e descrivi con precisione cosa manca;
5. indicami brevemente il piano che seguirai prima di applicare le modifiche;
6. riusa pattern, servizi e componenti già adottati quando sono compatibili;
7. non introdurre segreti, credenziali, dipendenze non necessarie o modifiche fuori scope.

USER STORY
Come piattaforma vogliamo monetizzare e operare il servizio con trasparenza.

ATTIVITÀ RICHIESTE
- Gestire limiti IA e funzionalità senza vantaggi competitivi.
- Definire entità, API, UI e autorizzazioni.
- Aggiungere test webhook/audit e documentazione operativa.

VINCOLI DI IMPLEMENTAZIONE
- Rispetta il monolite modulare API-first, i confini di dominio e il modello dati approvati.
- Le autorizzazioni e le validazioni decisive devono essere applicate lato server.
- Le operazioni che cambiano crediti, rose, mercato, risultati o configurazioni devono essere atomiche e auditabili.
- Mantieni retrocompatibilità con migrazioni e API esistenti; se non è possibile, documenta esplicitamente la decisione.
- Non implementare funzionalità appartenenti a card successive.
- Aggiungi log e metriche utili senza esporre dati personali o segreti.

CRITERI DI ACCETTAZIONE
- Entitlement verificati lato server; downgrade sicuro.
- Nessun entitlement modifica crediti, mosse, cambi o punteggi.

TEST MINIMI
- Test unitari delle regole e delle validazioni introdotte.
- Test del flusso UI positivo, vuoto, errore e permessi insufficienti.
- Smoke test dell’ambiente e verifica di log, metriche, retry e configurazione.

DELIVERABLE ATTESI
- Codice applicativo e configurazioni nel modulo coerente con l’architettura approvata.
- API/servizi di dominio, validazioni e documentazione tecnica aggiornata.
- Interfaccia web/mobile con stati di caricamento, vuoto, errore e successo.
- Configurazione infrastrutturale, osservabilità e runbook pertinenti.
- Test automatici e breve evidenza di verifica collegabile alla card.

CHIUSURA DEL LAVORO
- Esegui lint, type-check, test pertinenti e build dei moduli toccati usando i comandi ordinari `docker compose`; non usare `make`.
- Riporta file modificati, migrazioni, comandi eseguiti e relativi esiti.
- Spiega le decisioni tecniche non ovvie e gli eventuali rischi residui.
- Se qualcosa non è verificabile nell’ambiente disponibile, dichiaralo chiaramente senza simulare un esito positivo.
- Non creare commit o push se non richiesto espressamente.
",M4 — Ready,"M4, EP11, Should, Backend, Frontend, Infrastructure",,,61
EP11-02 — Abbonamento personale,"CODICE: EP11-02

USER STORY
Come piattaforma vogliamo monetizzare e operare il servizio con trasparenza.

OBIETTIVO E SCOPE
- Integrare 3,99 €/mese e 29,99 €/stagione con stato pagamento.
- Definire entità, API, UI e autorizzazioni.
- Aggiungere test webhook/audit e documentazione operativa.

CRITERI DI ACCETTAZIONE
- Webhook idempotenti; nessuna doppia attivazione.
- Nessun entitlement modifica crediti, mosse, cambi o punteggi.

TEST MINIMI
- Test unitari delle regole e delle validazioni introdotte.
- Test del flusso UI positivo, vuoto, errore e permessi insufficienti.
- Smoke test dell’ambiente e verifica di log, metriche, retry e configurazione.

DELIVERABLE
- Codice applicativo e configurazioni nel modulo coerente con l’architettura approvata.
- API/servizi di dominio, validazioni e documentazione tecnica aggiornata.
- Interfaccia web/mobile con stati di caricamento, vuoto, errore e successo.
- Configurazione infrastrutturale, osservabilità e runbook pertinenti.
- Test automatici e breve evidenza di verifica collegabile alla card.

DIPENDENZE
EP02-03, EP07, EP10

STIMA INIZIALE
2–4 giorni

PROMPT CURSOR
CONTESTO STANDARD — FANTAPPERÒ
Stai lavorando su FantApperò, una piattaforma fantasy football web con backend Python/FastAPI, frontend React/TypeScript, PostgreSQL, Redis, worker asincroni e integrazione centralizzata con API-Football. L’architettura approvata è un monolite modulare API-first. Gli ambienti locali e i servizi applicativi devono essere gestiti con Docker e Docker Compose.

REGOLE GENERALI OBBLIGATORIE
- Usa l’italiano come lingua predefinita per interfaccia, messaggi utente, dati seed, documentazione funzionale e nuovi contenuti. Predisponi il codice per una futura internazionalizzazione, senza implementare ora lingue aggiuntive se la card non lo richiede.
- Non modificare funzionalità, regole di gioco, API, schema dati, configurazioni o componenti non necessari alla card.
- Non cancellare o rinominare codice, migrazioni, dati, test o funzioni esistenti senza una motivazione tecnica esplicita e verificata.
- Prima di creare qualcosa, controlla cosa esiste già e riusa pattern, moduli e componenti compatibili.
- Mantieni compatibilità con le funzionalità esistenti e non anticipare card o milestone successive.
- Non inserire segreti nel codice, nei log, nei test, nei commit o nella documentazione.
- Non usare Makefile, il comando `make` o wrapper equivalenti. Usa i normali comandi `docker compose` definiti dal progetto.
- Non presupporre servizi installati localmente: esegui backend, worker, database, Redis, migrazioni e test attraverso Docker Compose, salvo attività puramente frontend già previste diversamente dal repository.
- Se manca un servizio o un comando Compose necessario, aggiorna `compose.yaml` e la documentazione in modo minimale e coerente con lo scope.

INCARICO
- Card Trello: EP11-02 — Abbonamento personale
- Dipendenze dichiarate: EP02-03, EP07, EP10

Prima di modificare il codice:
1. analizza la struttura del progetto aperto e individua tutti i file coinvolti nella card;
2. leggi il README e la documentazione architetturale o tecnica effettivamente presenti e pertinenti;
3. verifica cosa esiste già ed evita implementazioni duplicate;
4. controlla che le dipendenze funzionali dichiarate siano già implementate; se manca una dipendenza bloccante, fermati e descrivi con precisione cosa manca;
5. indicami brevemente il piano che seguirai prima di applicare le modifiche;
6. riusa pattern, servizi e componenti già adottati quando sono compatibili;
7. non introdurre segreti, credenziali, dipendenze non necessarie o modifiche fuori scope.

USER STORY
Come piattaforma vogliamo monetizzare e operare il servizio con trasparenza.

ATTIVITÀ RICHIESTE
- Integrare 3,99 €/mese e 29,99 €/stagione con stato pagamento.
- Definire entità, API, UI e autorizzazioni.
- Aggiungere test webhook/audit e documentazione operativa.

VINCOLI DI IMPLEMENTAZIONE
- Rispetta il monolite modulare API-first, i confini di dominio e il modello dati approvati.
- Le autorizzazioni e le validazioni decisive devono essere applicate lato server.
- Le operazioni che cambiano crediti, rose, mercato, risultati o configurazioni devono essere atomiche e auditabili.
- Mantieni retrocompatibilità con migrazioni e API esistenti; se non è possibile, documenta esplicitamente la decisione.
- Non implementare funzionalità appartenenti a card successive.
- Aggiungi log e metriche utili senza esporre dati personali o segreti.

CRITERI DI ACCETTAZIONE
- Webhook idempotenti; nessuna doppia attivazione.
- Nessun entitlement modifica crediti, mosse, cambi o punteggi.

TEST MINIMI
- Test unitari delle regole e delle validazioni introdotte.
- Test del flusso UI positivo, vuoto, errore e permessi insufficienti.
- Smoke test dell’ambiente e verifica di log, metriche, retry e configurazione.

DELIVERABLE ATTESI
- Codice applicativo e configurazioni nel modulo coerente con l’architettura approvata.
- API/servizi di dominio, validazioni e documentazione tecnica aggiornata.
- Interfaccia web/mobile con stati di caricamento, vuoto, errore e successo.
- Configurazione infrastrutturale, osservabilità e runbook pertinenti.
- Test automatici e breve evidenza di verifica collegabile alla card.

CHIUSURA DEL LAVORO
- Esegui lint, type-check, test pertinenti e build dei moduli toccati usando i comandi ordinari `docker compose`; non usare `make`.
- Riporta file modificati, migrazioni, comandi eseguiti e relativi esiti.
- Spiega le decisioni tecniche non ovvie e gli eventuali rischi residui.
- Se qualcosa non è verificabile nell’ambiente disponibile, dichiaralo chiaramente senza simulare un esito positivo.
- Non creare commit o push se non richiesto espressamente.
",M4 — Ready,"M4, EP11, Should, Backend, Frontend, Infrastructure",,,62
EP11-03 — Audit log consultabile,"CODICE: EP11-03

USER STORY
Come piattaforma vogliamo monetizzare e operare il servizio con trasparenza.

OBIETTIVO E SCOPE
- Registrare configurazioni, rose, mercato, scoring e interventi.
- Definire entità, API, UI e autorizzazioni.
- Aggiungere test webhook/audit e documentazione operativa.

CRITERI DI ACCETTAZIONE
- Chi/cosa/quando/prima/dopo disponibili secondo permessi.
- Nessun entitlement modifica crediti, mosse, cambi o punteggi.

TEST MINIMI
- Test unitari delle regole e delle validazioni introdotte.
- Test del flusso UI positivo, vuoto, errore e permessi insufficienti.
- Smoke test dell’ambiente e verifica di log, metriche, retry e configurazione.
- Test di autorizzazione cross-user e cross-league, inclusi casi IDOR.

DELIVERABLE
- Codice applicativo e configurazioni nel modulo coerente con l’architettura approvata.
- API/servizi di dominio, validazioni e documentazione tecnica aggiornata.
- Interfaccia web/mobile con stati di caricamento, vuoto, errore e successo.
- Configurazione infrastrutturale, osservabilità e runbook pertinenti.
- Test automatici e breve evidenza di verifica collegabile alla card.

DIPENDENZE
EP02-03, EP07, EP10

STIMA INIZIALE
2–4 giorni

PROMPT CURSOR
CONTESTO STANDARD — FANTAPPERÒ
Stai lavorando su FantApperò, una piattaforma fantasy football web con backend Python/FastAPI, frontend React/TypeScript, PostgreSQL, Redis, worker asincroni e integrazione centralizzata con API-Football. L’architettura approvata è un monolite modulare API-first. Gli ambienti locali e i servizi applicativi devono essere gestiti con Docker e Docker Compose.

REGOLE GENERALI OBBLIGATORIE
- Usa l’italiano come lingua predefinita per interfaccia, messaggi utente, dati seed, documentazione funzionale e nuovi contenuti. Predisponi il codice per una futura internazionalizzazione, senza implementare ora lingue aggiuntive se la card non lo richiede.
- Non modificare funzionalità, regole di gioco, API, schema dati, configurazioni o componenti non necessari alla card.
- Non cancellare o rinominare codice, migrazioni, dati, test o funzioni esistenti senza una motivazione tecnica esplicita e verificata.
- Prima di creare qualcosa, controlla cosa esiste già e riusa pattern, moduli e componenti compatibili.
- Mantieni compatibilità con le funzionalità esistenti e non anticipare card o milestone successive.
- Non inserire segreti nel codice, nei log, nei test, nei commit o nella documentazione.
- Non usare Makefile, il comando `make` o wrapper equivalenti. Usa i normali comandi `docker compose` definiti dal progetto.
- Non presupporre servizi installati localmente: esegui backend, worker, database, Redis, migrazioni e test attraverso Docker Compose, salvo attività puramente frontend già previste diversamente dal repository.
- Se manca un servizio o un comando Compose necessario, aggiorna `compose.yaml` e la documentazione in modo minimale e coerente con lo scope.

INCARICO
- Card Trello: EP11-03 — Audit log consultabile
- Dipendenze dichiarate: EP02-03, EP07, EP10

Prima di modificare il codice:
1. analizza la struttura del progetto aperto e individua tutti i file coinvolti nella card;
2. leggi il README e la documentazione architetturale o tecnica effettivamente presenti e pertinenti;
3. verifica cosa esiste già ed evita implementazioni duplicate;
4. controlla che le dipendenze funzionali dichiarate siano già implementate; se manca una dipendenza bloccante, fermati e descrivi con precisione cosa manca;
5. indicami brevemente il piano che seguirai prima di applicare le modifiche;
6. riusa pattern, servizi e componenti già adottati quando sono compatibili;
7. non introdurre segreti, credenziali, dipendenze non necessarie o modifiche fuori scope.

USER STORY
Come piattaforma vogliamo monetizzare e operare il servizio con trasparenza.

ATTIVITÀ RICHIESTE
- Registrare configurazioni, rose, mercato, scoring e interventi.
- Definire entità, API, UI e autorizzazioni.
- Aggiungere test webhook/audit e documentazione operativa.

VINCOLI DI IMPLEMENTAZIONE
- Rispetta il monolite modulare API-first, i confini di dominio e il modello dati approvati.
- Le autorizzazioni e le validazioni decisive devono essere applicate lato server.
- Le operazioni che cambiano crediti, rose, mercato, risultati o configurazioni devono essere atomiche e auditabili.
- Mantieni retrocompatibilità con migrazioni e API esistenti; se non è possibile, documenta esplicitamente la decisione.
- Non implementare funzionalità appartenenti a card successive.
- Aggiungi log e metriche utili senza esporre dati personali o segreti.

CRITERI DI ACCETTAZIONE
- Chi/cosa/quando/prima/dopo disponibili secondo permessi.
- Nessun entitlement modifica crediti, mosse, cambi o punteggi.

TEST MINIMI
- Test unitari delle regole e delle validazioni introdotte.
- Test del flusso UI positivo, vuoto, errore e permessi insufficienti.
- Smoke test dell’ambiente e verifica di log, metriche, retry e configurazione.
- Test di autorizzazione cross-user e cross-league, inclusi casi IDOR.

DELIVERABLE ATTESI
- Codice applicativo e configurazioni nel modulo coerente con l’architettura approvata.
- API/servizi di dominio, validazioni e documentazione tecnica aggiornata.
- Interfaccia web/mobile con stati di caricamento, vuoto, errore e successo.
- Configurazione infrastrutturale, osservabilità e runbook pertinenti.
- Test automatici e breve evidenza di verifica collegabile alla card.

CHIUSURA DEL LAVORO
- Esegui lint, type-check, test pertinenti e build dei moduli toccati usando i comandi ordinari `docker compose`; non usare `make`.
- Riporta file modificati, migrazioni, comandi eseguiti e relativi esiti.
- Spiega le decisioni tecniche non ovvie e gli eventuali rischi residui.
- Se qualcosa non è verificabile nell’ambiente disponibile, dichiaralo chiaramente senza simulare un esito positivo.
- Non creare commit o push se non richiesto espressamente.
",M4 — Ready,"M4, EP11, Should, Backend, Frontend, Infrastructure",,,63
EP11-04 — Pannello operatore,"CODICE: EP11-04

USER STORY
Come piattaforma vogliamo monetizzare e operare il servizio con trasparenza.

OBIETTIVO E SCOPE
- Gestire anomalie dati, job, utenti e leghe con azioni limitate.
- Definire entità, API, UI e autorizzazioni.
- Aggiungere test webhook/audit e documentazione operativa.

CRITERI DI ACCETTAZIONE
- Ogni azione privilegiata è confermata e auditata.
- Nessun entitlement modifica crediti, mosse, cambi o punteggi.

TEST MINIMI
- Test unitari delle regole e delle validazioni introdotte.
- Test del flusso UI positivo, vuoto, errore e permessi insufficienti.
- Smoke test dell’ambiente e verifica di log, metriche, retry e configurazione.
- Test di autorizzazione cross-user e cross-league, inclusi casi IDOR.

DELIVERABLE
- Codice applicativo e configurazioni nel modulo coerente con l’architettura approvata.
- API/servizi di dominio, validazioni e documentazione tecnica aggiornata.
- Interfaccia web/mobile con stati di caricamento, vuoto, errore e successo.
- Configurazione infrastrutturale, osservabilità e runbook pertinenti.
- Test automatici e breve evidenza di verifica collegabile alla card.

DIPENDENZE
EP02-03, EP07, EP10

STIMA INIZIALE
2–4 giorni

PROMPT CURSOR
CONTESTO STANDARD — FANTAPPERÒ
Stai lavorando su FantApperò, una piattaforma fantasy football web con backend Python/FastAPI, frontend React/TypeScript, PostgreSQL, Redis, worker asincroni e integrazione centralizzata con API-Football. L’architettura approvata è un monolite modulare API-first. Gli ambienti locali e i servizi applicativi devono essere gestiti con Docker e Docker Compose.

REGOLE GENERALI OBBLIGATORIE
- Usa l’italiano come lingua predefinita per interfaccia, messaggi utente, dati seed, documentazione funzionale e nuovi contenuti. Predisponi il codice per una futura internazionalizzazione, senza implementare ora lingue aggiuntive se la card non lo richiede.
- Non modificare funzionalità, regole di gioco, API, schema dati, configurazioni o componenti non necessari alla card.
- Non cancellare o rinominare codice, migrazioni, dati, test o funzioni esistenti senza una motivazione tecnica esplicita e verificata.
- Prima di creare qualcosa, controlla cosa esiste già e riusa pattern, moduli e componenti compatibili.
- Mantieni compatibilità con le funzionalità esistenti e non anticipare card o milestone successive.
- Non inserire segreti nel codice, nei log, nei test, nei commit o nella documentazione.
- Non usare Makefile, il comando `make` o wrapper equivalenti. Usa i normali comandi `docker compose` definiti dal progetto.
- Non presupporre servizi installati localmente: esegui backend, worker, database, Redis, migrazioni e test attraverso Docker Compose, salvo attività puramente frontend già previste diversamente dal repository.
- Se manca un servizio o un comando Compose necessario, aggiorna `compose.yaml` e la documentazione in modo minimale e coerente con lo scope.

INCARICO
- Card Trello: EP11-04 — Pannello operatore
- Dipendenze dichiarate: EP02-03, EP07, EP10

Prima di modificare il codice:
1. analizza la struttura del progetto aperto e individua tutti i file coinvolti nella card;
2. leggi il README e la documentazione architetturale o tecnica effettivamente presenti e pertinenti;
3. verifica cosa esiste già ed evita implementazioni duplicate;
4. controlla che le dipendenze funzionali dichiarate siano già implementate; se manca una dipendenza bloccante, fermati e descrivi con precisione cosa manca;
5. indicami brevemente il piano che seguirai prima di applicare le modifiche;
6. riusa pattern, servizi e componenti già adottati quando sono compatibili;
7. non introdurre segreti, credenziali, dipendenze non necessarie o modifiche fuori scope.

USER STORY
Come piattaforma vogliamo monetizzare e operare il servizio con trasparenza.

ATTIVITÀ RICHIESTE
- Gestire anomalie dati, job, utenti e leghe con azioni limitate.
- Definire entità, API, UI e autorizzazioni.
- Aggiungere test webhook/audit e documentazione operativa.

VINCOLI DI IMPLEMENTAZIONE
- Rispetta il monolite modulare API-first, i confini di dominio e il modello dati approvati.
- Le autorizzazioni e le validazioni decisive devono essere applicate lato server.
- Le operazioni che cambiano crediti, rose, mercato, risultati o configurazioni devono essere atomiche e auditabili.
- Mantieni retrocompatibilità con migrazioni e API esistenti; se non è possibile, documenta esplicitamente la decisione.
- Non implementare funzionalità appartenenti a card successive.
- Aggiungi log e metriche utili senza esporre dati personali o segreti.

CRITERI DI ACCETTAZIONE
- Ogni azione privilegiata è confermata e auditata.
- Nessun entitlement modifica crediti, mosse, cambi o punteggi.

TEST MINIMI
- Test unitari delle regole e delle validazioni introdotte.
- Test del flusso UI positivo, vuoto, errore e permessi insufficienti.
- Smoke test dell’ambiente e verifica di log, metriche, retry e configurazione.
- Test di autorizzazione cross-user e cross-league, inclusi casi IDOR.

DELIVERABLE ATTESI
- Codice applicativo e configurazioni nel modulo coerente con l’architettura approvata.
- API/servizi di dominio, validazioni e documentazione tecnica aggiornata.
- Interfaccia web/mobile con stati di caricamento, vuoto, errore e successo.
- Configurazione infrastrutturale, osservabilità e runbook pertinenti.
- Test automatici e breve evidenza di verifica collegabile alla card.

CHIUSURA DEL LAVORO
- Esegui lint, type-check, test pertinenti e build dei moduli toccati usando i comandi ordinari `docker compose`; non usare `make`.
- Riporta file modificati, migrazioni, comandi eseguiti e relativi esiti.
- Spiega le decisioni tecniche non ovvie e gli eventuali rischi residui.
- Se qualcosa non è verificabile nell’ambiente disponibile, dichiaralo chiaramente senza simulare un esito positivo.
- Non creare commit o push se non richiesto espressamente.
",M4 — Ready,"M4, EP11, Should, Backend, Frontend, Infrastructure",,,64
EP11-05 — Lega Pro essenziale,"CODICE: EP11-05

USER STORY
Come piattaforma vogliamo monetizzare e operare il servizio con trasparenza.

OBIETTIVO E SCOPE
- Abilitare storico, albo d’oro, statistiche ed export.
- Definire entità, API, UI e autorizzazioni.
- Aggiungere test webhook/audit e documentazione operativa.

CRITERI DI ACCETTAZIONE
- Funzioni aggiuntive non alterano regole competitive.
- Nessun entitlement modifica crediti, mosse, cambi o punteggi.

TEST MINIMI
- Test unitari delle regole e delle validazioni introdotte.
- Test del flusso UI positivo, vuoto, errore e permessi insufficienti.
- Smoke test dell’ambiente e verifica di log, metriche, retry e configurazione.

DELIVERABLE
- Codice applicativo e configurazioni nel modulo coerente con l’architettura approvata.
- API/servizi di dominio, validazioni e documentazione tecnica aggiornata.
- Interfaccia web/mobile con stati di caricamento, vuoto, errore e successo.
- Configurazione infrastrutturale, osservabilità e runbook pertinenti.
- Test automatici e breve evidenza di verifica collegabile alla card.

DIPENDENZE
EP02-03, EP07, EP10

STIMA INIZIALE
2–4 giorni

PROMPT CURSOR
CONTESTO STANDARD — FANTAPPERÒ
Stai lavorando su FantApperò, una piattaforma fantasy football web con backend Python/FastAPI, frontend React/TypeScript, PostgreSQL, Redis, worker asincroni e integrazione centralizzata con API-Football. L’architettura approvata è un monolite modulare API-first. Gli ambienti locali e i servizi applicativi devono essere gestiti con Docker e Docker Compose.

REGOLE GENERALI OBBLIGATORIE
- Usa l’italiano come lingua predefinita per interfaccia, messaggi utente, dati seed, documentazione funzionale e nuovi contenuti. Predisponi il codice per una futura internazionalizzazione, senza implementare ora lingue aggiuntive se la card non lo richiede.
- Non modificare funzionalità, regole di gioco, API, schema dati, configurazioni o componenti non necessari alla card.
- Non cancellare o rinominare codice, migrazioni, dati, test o funzioni esistenti senza una motivazione tecnica esplicita e verificata.
- Prima di creare qualcosa, controlla cosa esiste già e riusa pattern, moduli e componenti compatibili.
- Mantieni compatibilità con le funzionalità esistenti e non anticipare card o milestone successive.
- Non inserire segreti nel codice, nei log, nei test, nei commit o nella documentazione.
- Non usare Makefile, il comando `make` o wrapper equivalenti. Usa i normali comandi `docker compose` definiti dal progetto.
- Non presupporre servizi installati localmente: esegui backend, worker, database, Redis, migrazioni e test attraverso Docker Compose, salvo attività puramente frontend già previste diversamente dal repository.
- Se manca un servizio o un comando Compose necessario, aggiorna `compose.yaml` e la documentazione in modo minimale e coerente con lo scope.

INCARICO
- Card Trello: EP11-05 — Lega Pro essenziale
- Dipendenze dichiarate: EP02-03, EP07, EP10

Prima di modificare il codice:
1. analizza la struttura del progetto aperto e individua tutti i file coinvolti nella card;
2. leggi il README e la documentazione architetturale o tecnica effettivamente presenti e pertinenti;
3. verifica cosa esiste già ed evita implementazioni duplicate;
4. controlla che le dipendenze funzionali dichiarate siano già implementate; se manca una dipendenza bloccante, fermati e descrivi con precisione cosa manca;
5. indicami brevemente il piano che seguirai prima di applicare le modifiche;
6. riusa pattern, servizi e componenti già adottati quando sono compatibili;
7. non introdurre segreti, credenziali, dipendenze non necessarie o modifiche fuori scope.

USER STORY
Come piattaforma vogliamo monetizzare e operare il servizio con trasparenza.

ATTIVITÀ RICHIESTE
- Abilitare storico, albo d’oro, statistiche ed export.
- Definire entità, API, UI e autorizzazioni.
- Aggiungere test webhook/audit e documentazione operativa.

VINCOLI DI IMPLEMENTAZIONE
- Rispetta il monolite modulare API-first, i confini di dominio e il modello dati approvati.
- Le autorizzazioni e le validazioni decisive devono essere applicate lato server.
- Le operazioni che cambiano crediti, rose, mercato, risultati o configurazioni devono essere atomiche e auditabili.
- Mantieni retrocompatibilità con migrazioni e API esistenti; se non è possibile, documenta esplicitamente la decisione.
- Non implementare funzionalità appartenenti a card successive.
- Aggiungi log e metriche utili senza esporre dati personali o segreti.

CRITERI DI ACCETTAZIONE
- Funzioni aggiuntive non alterano regole competitive.
- Nessun entitlement modifica crediti, mosse, cambi o punteggi.

TEST MINIMI
- Test unitari delle regole e delle validazioni introdotte.
- Test del flusso UI positivo, vuoto, errore e permessi insufficienti.
- Smoke test dell’ambiente e verifica di log, metriche, retry e configurazione.

DELIVERABLE ATTESI
- Codice applicativo e configurazioni nel modulo coerente con l’architettura approvata.
- API/servizi di dominio, validazioni e documentazione tecnica aggiornata.
- Interfaccia web/mobile con stati di caricamento, vuoto, errore e successo.
- Configurazione infrastrutturale, osservabilità e runbook pertinenti.
- Test automatici e breve evidenza di verifica collegabile alla card.

CHIUSURA DEL LAVORO
- Esegui lint, type-check, test pertinenti e build dei moduli toccati usando i comandi ordinari `docker compose`; non usare `make`.
- Riporta file modificati, migrazioni, comandi eseguiti e relativi esiti.
- Spiega le decisioni tecniche non ovvie e gli eventuali rischi residui.
- Se qualcosa non è verificabile nell’ambiente disponibile, dichiaralo chiaramente senza simulare un esito positivo.
- Non creare commit o push se non richiesto espressamente.
",M4 — Ready,"M4, EP11, Should, Backend, Frontend, Infrastructure",,,65
EP12-01 — Suite end-to-end critica,"CODICE: EP12-01

USER STORY
Come team vogliamo rilasciare una Beta osservabile, sicura e recuperabile.

OBIETTIVO E SCOPE
- Coprire registrazione → lega → rosa → formazione → risultato → mercato.
- Definire piano, dati di test, responsabile ed evidenze.
- Correggere o accettare formalmente ogni scostamento.

CRITERI DI ACCETTAZIONE
- Flusso verde su ambiente pulito e dati fixture.
- Evidenze collegate alla card.

TEST MINIMI
- Test unitari delle regole e delle validazioni introdotte.
- Test del flusso UI positivo, vuoto, errore e permessi insufficienti.
- Smoke test dell’ambiente e verifica di log, metriche, retry e configurazione.
- Test di integrazione e regressione sui casi limite indicati nei criteri di accettazione.

DELIVERABLE
- Codice applicativo e configurazioni nel modulo coerente con l’architettura approvata.
- API/servizi di dominio, validazioni e documentazione tecnica aggiornata.
- Interfaccia web/mobile con stati di caricamento, vuoto, errore e successo.
- Configurazione infrastrutturale, osservabilità e runbook pertinenti.
- Test automatici e breve evidenza di verifica collegabile alla card.

DIPENDENZE
Tutte le Epic Must pertinenti

STIMA INIZIALE
3–5 giorni

PROMPT CURSOR
CONTESTO STANDARD — FANTAPPERÒ
Stai lavorando su FantApperò, una piattaforma fantasy football web con backend Python/FastAPI, frontend React/TypeScript, PostgreSQL, Redis, worker asincroni e integrazione centralizzata con API-Football. L’architettura approvata è un monolite modulare API-first. Gli ambienti locali e i servizi applicativi devono essere gestiti con Docker e Docker Compose.

REGOLE GENERALI OBBLIGATORIE
- Usa l’italiano come lingua predefinita per interfaccia, messaggi utente, dati seed, documentazione funzionale e nuovi contenuti. Predisponi il codice per una futura internazionalizzazione, senza implementare ora lingue aggiuntive se la card non lo richiede.
- Non modificare funzionalità, regole di gioco, API, schema dati, configurazioni o componenti non necessari alla card.
- Non cancellare o rinominare codice, migrazioni, dati, test o funzioni esistenti senza una motivazione tecnica esplicita e verificata.
- Prima di creare qualcosa, controlla cosa esiste già e riusa pattern, moduli e componenti compatibili.
- Mantieni compatibilità con le funzionalità esistenti e non anticipare card o milestone successive.
- Non inserire segreti nel codice, nei log, nei test, nei commit o nella documentazione.
- Non usare Makefile, il comando `make` o wrapper equivalenti. Usa i normali comandi `docker compose` definiti dal progetto.
- Non presupporre servizi installati localmente: esegui backend, worker, database, Redis, migrazioni e test attraverso Docker Compose, salvo attività puramente frontend già previste diversamente dal repository.
- Se manca un servizio o un comando Compose necessario, aggiorna `compose.yaml` e la documentazione in modo minimale e coerente con lo scope.

INCARICO
- Card Trello: EP12-01 — Suite end-to-end critica
- Dipendenze dichiarate: Tutte le Epic Must pertinenti

Prima di modificare il codice:
1. analizza la struttura del progetto aperto e individua tutti i file coinvolti nella card;
2. leggi il README e la documentazione architetturale o tecnica effettivamente presenti e pertinenti;
3. verifica cosa esiste già ed evita implementazioni duplicate;
4. controlla che le dipendenze funzionali dichiarate siano già implementate; se manca una dipendenza bloccante, fermati e descrivi con precisione cosa manca;
5. indicami brevemente il piano che seguirai prima di applicare le modifiche;
6. riusa pattern, servizi e componenti già adottati quando sono compatibili;
7. non introdurre segreti, credenziali, dipendenze non necessarie o modifiche fuori scope.

USER STORY
Come team vogliamo rilasciare una Beta osservabile, sicura e recuperabile.

ATTIVITÀ RICHIESTE
- Coprire registrazione → lega → rosa → formazione → risultato → mercato.
- Definire piano, dati di test, responsabile ed evidenze.
- Correggere o accettare formalmente ogni scostamento.

VINCOLI DI IMPLEMENTAZIONE
- Rispetta il monolite modulare API-first, i confini di dominio e il modello dati approvati.
- Le autorizzazioni e le validazioni decisive devono essere applicate lato server.
- Le operazioni che cambiano crediti, rose, mercato, risultati o configurazioni devono essere atomiche e auditabili.
- Mantieni retrocompatibilità con migrazioni e API esistenti; se non è possibile, documenta esplicitamente la decisione.
- Non implementare funzionalità appartenenti a card successive.
- Aggiungi log e metriche utili senza esporre dati personali o segreti.

CRITERI DI ACCETTAZIONE
- Flusso verde su ambiente pulito e dati fixture.
- Evidenze collegate alla card.

TEST MINIMI
- Test unitari delle regole e delle validazioni introdotte.
- Test del flusso UI positivo, vuoto, errore e permessi insufficienti.
- Smoke test dell’ambiente e verifica di log, metriche, retry e configurazione.
- Test di integrazione e regressione sui casi limite indicati nei criteri di accettazione.

DELIVERABLE ATTESI
- Codice applicativo e configurazioni nel modulo coerente con l’architettura approvata.
- API/servizi di dominio, validazioni e documentazione tecnica aggiornata.
- Interfaccia web/mobile con stati di caricamento, vuoto, errore e successo.
- Configurazione infrastrutturale, osservabilità e runbook pertinenti.
- Test automatici e breve evidenza di verifica collegabile alla card.

CHIUSURA DEL LAVORO
- Esegui lint, type-check, test pertinenti e build dei moduli toccati usando i comandi ordinari `docker compose`; non usare `make`.
- Riporta file modificati, migrazioni, comandi eseguiti e relativi esiti.
- Spiega le decisioni tecniche non ovvie e gli eventuali rischi residui.
- Se qualcosa non è verificabile nell’ambiente disponibile, dichiaralo chiaramente senza simulare un esito positivo.
- Non creare commit o push se non richiesto espressamente.
",M5 — Ready,"M5, EP12, Must, QA, Backend, Frontend, Infrastructure",,,66
EP12-02 — Test proprietà e concorrenza,"CODICE: EP12-02

USER STORY
Come team vogliamo rilasciare una Beta osservabile, sicura e recuperabile.

OBIETTIVO E SCOPE
- Stressare ledger, buste, scambi, formazione e ricalcolo.
- Definire piano, dati di test, responsabile ed evidenze.
- Correggere o accettare formalmente ogni scostamento.

CRITERI DI ACCETTAZIONE
- Nessun saldo negativo, doppia assegnazione o risultato non deterministico.
- Evidenze collegate alla card.

TEST MINIMI
- Test unitari delle regole e delle validazioni introdotte.
- Test del flusso UI positivo, vuoto, errore e permessi insufficienti.
- Smoke test dell’ambiente e verifica di log, metriche, retry e configurazione.
- Test di integrazione e regressione sui casi limite indicati nei criteri di accettazione.

DELIVERABLE
- Codice applicativo e configurazioni nel modulo coerente con l’architettura approvata.
- API/servizi di dominio, validazioni e documentazione tecnica aggiornata.
- Interfaccia web/mobile con stati di caricamento, vuoto, errore e successo.
- Configurazione infrastrutturale, osservabilità e runbook pertinenti.
- Test automatici e breve evidenza di verifica collegabile alla card.

DIPENDENZE
Tutte le Epic Must pertinenti

STIMA INIZIALE
3–5 giorni

PROMPT CURSOR
CONTESTO STANDARD — FANTAPPERÒ
Stai lavorando su FantApperò, una piattaforma fantasy football web con backend Python/FastAPI, frontend React/TypeScript, PostgreSQL, Redis, worker asincroni e integrazione centralizzata con API-Football. L’architettura approvata è un monolite modulare API-first. Gli ambienti locali e i servizi applicativi devono essere gestiti con Docker e Docker Compose.

REGOLE GENERALI OBBLIGATORIE
- Usa l’italiano come lingua predefinita per interfaccia, messaggi utente, dati seed, documentazione funzionale e nuovi contenuti. Predisponi il codice per una futura internazionalizzazione, senza implementare ora lingue aggiuntive se la card non lo richiede.
- Non modificare funzionalità, regole di gioco, API, schema dati, configurazioni o componenti non necessari alla card.
- Non cancellare o rinominare codice, migrazioni, dati, test o funzioni esistenti senza una motivazione tecnica esplicita e verificata.
- Prima di creare qualcosa, controlla cosa esiste già e riusa pattern, moduli e componenti compatibili.
- Mantieni compatibilità con le funzionalità esistenti e non anticipare card o milestone successive.
- Non inserire segreti nel codice, nei log, nei test, nei commit o nella documentazione.
- Non usare Makefile, il comando `make` o wrapper equivalenti. Usa i normali comandi `docker compose` definiti dal progetto.
- Non presupporre servizi installati localmente: esegui backend, worker, database, Redis, migrazioni e test attraverso Docker Compose, salvo attività puramente frontend già previste diversamente dal repository.
- Se manca un servizio o un comando Compose necessario, aggiorna `compose.yaml` e la documentazione in modo minimale e coerente con lo scope.

INCARICO
- Card Trello: EP12-02 — Test proprietà e concorrenza
- Dipendenze dichiarate: Tutte le Epic Must pertinenti

Prima di modificare il codice:
1. analizza la struttura del progetto aperto e individua tutti i file coinvolti nella card;
2. leggi il README e la documentazione architetturale o tecnica effettivamente presenti e pertinenti;
3. verifica cosa esiste già ed evita implementazioni duplicate;
4. controlla che le dipendenze funzionali dichiarate siano già implementate; se manca una dipendenza bloccante, fermati e descrivi con precisione cosa manca;
5. indicami brevemente il piano che seguirai prima di applicare le modifiche;
6. riusa pattern, servizi e componenti già adottati quando sono compatibili;
7. non introdurre segreti, credenziali, dipendenze non necessarie o modifiche fuori scope.

USER STORY
Come team vogliamo rilasciare una Beta osservabile, sicura e recuperabile.

ATTIVITÀ RICHIESTE
- Stressare ledger, buste, scambi, formazione e ricalcolo.
- Definire piano, dati di test, responsabile ed evidenze.
- Correggere o accettare formalmente ogni scostamento.

VINCOLI DI IMPLEMENTAZIONE
- Rispetta il monolite modulare API-first, i confini di dominio e il modello dati approvati.
- Le autorizzazioni e le validazioni decisive devono essere applicate lato server.
- Le operazioni che cambiano crediti, rose, mercato, risultati o configurazioni devono essere atomiche e auditabili.
- Mantieni retrocompatibilità con migrazioni e API esistenti; se non è possibile, documenta esplicitamente la decisione.
- Non implementare funzionalità appartenenti a card successive.
- Aggiungi log e metriche utili senza esporre dati personali o segreti.

CRITERI DI ACCETTAZIONE
- Nessun saldo negativo, doppia assegnazione o risultato non deterministico.
- Evidenze collegate alla card.

TEST MINIMI
- Test unitari delle regole e delle validazioni introdotte.
- Test del flusso UI positivo, vuoto, errore e permessi insufficienti.
- Smoke test dell’ambiente e verifica di log, metriche, retry e configurazione.
- Test di integrazione e regressione sui casi limite indicati nei criteri di accettazione.

DELIVERABLE ATTESI
- Codice applicativo e configurazioni nel modulo coerente con l’architettura approvata.
- API/servizi di dominio, validazioni e documentazione tecnica aggiornata.
- Interfaccia web/mobile con stati di caricamento, vuoto, errore e successo.
- Configurazione infrastrutturale, osservabilità e runbook pertinenti.
- Test automatici e breve evidenza di verifica collegabile alla card.

CHIUSURA DEL LAVORO
- Esegui lint, type-check, test pertinenti e build dei moduli toccati usando i comandi ordinari `docker compose`; non usare `make`.
- Riporta file modificati, migrazioni, comandi eseguiti e relativi esiti.
- Spiega le decisioni tecniche non ovvie e gli eventuali rischi residui.
- Se qualcosa non è verificabile nell’ambiente disponibile, dichiaralo chiaramente senza simulare un esito positivo.
- Non creare commit o push se non richiesto espressamente.
",M5 — Ready,"M5, EP12, Must, QA, Backend, Frontend, Infrastructure",,,67
EP12-03 — Performance e capacità,"CODICE: EP12-03

USER STORY
Come team vogliamo rilasciare una Beta osservabile, sicura e recuperabile.

OBIETTIVO E SCOPE
- Misurare API, DB, worker, live e picchi.
- Definire piano, dati di test, responsabile ed evidenze.
- Correggere o accettare formalmente ogni scostamento.

CRITERI DI ACCETTAZIONE
- SLO Beta definiti e rispettati sul carico concordato.
- Evidenze collegate alla card.

TEST MINIMI
- Test unitari delle regole e delle validazioni introdotte.
- Test del flusso UI positivo, vuoto, errore e permessi insufficienti.
- Smoke test dell’ambiente e verifica di log, metriche, retry e configurazione.
- Test di integrazione e regressione sui casi limite indicati nei criteri di accettazione.

DELIVERABLE
- Codice applicativo e configurazioni nel modulo coerente con l’architettura approvata.
- API/servizi di dominio, validazioni e documentazione tecnica aggiornata.
- Interfaccia web/mobile con stati di caricamento, vuoto, errore e successo.
- Configurazione infrastrutturale, osservabilità e runbook pertinenti.
- Test automatici e breve evidenza di verifica collegabile alla card.

DIPENDENZE
Tutte le Epic Must pertinenti

STIMA INIZIALE
3–5 giorni

PROMPT CURSOR
CONTESTO STANDARD — FANTAPPERÒ
Stai lavorando su FantApperò, una piattaforma fantasy football web con backend Python/FastAPI, frontend React/TypeScript, PostgreSQL, Redis, worker asincroni e integrazione centralizzata con API-Football. L’architettura approvata è un monolite modulare API-first. Gli ambienti locali e i servizi applicativi devono essere gestiti con Docker e Docker Compose.

REGOLE GENERALI OBBLIGATORIE
- Usa l’italiano come lingua predefinita per interfaccia, messaggi utente, dati seed, documentazione funzionale e nuovi contenuti. Predisponi il codice per una futura internazionalizzazione, senza implementare ora lingue aggiuntive se la card non lo richiede.
- Non modificare funzionalità, regole di gioco, API, schema dati, configurazioni o componenti non necessari alla card.
- Non cancellare o rinominare codice, migrazioni, dati, test o funzioni esistenti senza una motivazione tecnica esplicita e verificata.
- Prima di creare qualcosa, controlla cosa esiste già e riusa pattern, moduli e componenti compatibili.
- Mantieni compatibilità con le funzionalità esistenti e non anticipare card o milestone successive.
- Non inserire segreti nel codice, nei log, nei test, nei commit o nella documentazione.
- Non usare Makefile, il comando `make` o wrapper equivalenti. Usa i normali comandi `docker compose` definiti dal progetto.
- Non presupporre servizi installati localmente: esegui backend, worker, database, Redis, migrazioni e test attraverso Docker Compose, salvo attività puramente frontend già previste diversamente dal repository.
- Se manca un servizio o un comando Compose necessario, aggiorna `compose.yaml` e la documentazione in modo minimale e coerente con lo scope.

INCARICO
- Card Trello: EP12-03 — Performance e capacità
- Dipendenze dichiarate: Tutte le Epic Must pertinenti

Prima di modificare il codice:
1. analizza la struttura del progetto aperto e individua tutti i file coinvolti nella card;
2. leggi il README e la documentazione architetturale o tecnica effettivamente presenti e pertinenti;
3. verifica cosa esiste già ed evita implementazioni duplicate;
4. controlla che le dipendenze funzionali dichiarate siano già implementate; se manca una dipendenza bloccante, fermati e descrivi con precisione cosa manca;
5. indicami brevemente il piano che seguirai prima di applicare le modifiche;
6. riusa pattern, servizi e componenti già adottati quando sono compatibili;
7. non introdurre segreti, credenziali, dipendenze non necessarie o modifiche fuori scope.

USER STORY
Come team vogliamo rilasciare una Beta osservabile, sicura e recuperabile.

ATTIVITÀ RICHIESTE
- Misurare API, DB, worker, live e picchi.
- Definire piano, dati di test, responsabile ed evidenze.
- Correggere o accettare formalmente ogni scostamento.

VINCOLI DI IMPLEMENTAZIONE
- Rispetta il monolite modulare API-first, i confini di dominio e il modello dati approvati.
- Le autorizzazioni e le validazioni decisive devono essere applicate lato server.
- Le operazioni che cambiano crediti, rose, mercato, risultati o configurazioni devono essere atomiche e auditabili.
- Mantieni retrocompatibilità con migrazioni e API esistenti; se non è possibile, documenta esplicitamente la decisione.
- Non implementare funzionalità appartenenti a card successive.
- Aggiungi log e metriche utili senza esporre dati personali o segreti.

CRITERI DI ACCETTAZIONE
- SLO Beta definiti e rispettati sul carico concordato.
- Evidenze collegate alla card.

TEST MINIMI
- Test unitari delle regole e delle validazioni introdotte.
- Test del flusso UI positivo, vuoto, errore e permessi insufficienti.
- Smoke test dell’ambiente e verifica di log, metriche, retry e configurazione.
- Test di integrazione e regressione sui casi limite indicati nei criteri di accettazione.

DELIVERABLE ATTESI
- Codice applicativo e configurazioni nel modulo coerente con l’architettura approvata.
- API/servizi di dominio, validazioni e documentazione tecnica aggiornata.
- Interfaccia web/mobile con stati di caricamento, vuoto, errore e successo.
- Configurazione infrastrutturale, osservabilità e runbook pertinenti.
- Test automatici e breve evidenza di verifica collegabile alla card.

CHIUSURA DEL LAVORO
- Esegui lint, type-check, test pertinenti e build dei moduli toccati usando i comandi ordinari `docker compose`; non usare `make`.
- Riporta file modificati, migrazioni, comandi eseguiti e relativi esiti.
- Spiega le decisioni tecniche non ovvie e gli eventuali rischi residui.
- Se qualcosa non è verificabile nell’ambiente disponibile, dichiaralo chiaramente senza simulare un esito positivo.
- Non creare commit o push se non richiesto espressamente.
",M5 — Ready,"M5, EP12, Must, QA, Backend, Frontend, Infrastructure",,,68
EP12-04 — Security review,"CODICE: EP12-04

USER STORY
Come team vogliamo rilasciare una Beta osservabile, sicura e recuperabile.

OBIETTIVO E SCOPE
- Verificare OWASP, autorizzazioni, rate limit, upload e segreti.
- Definire piano, dati di test, responsabile ed evidenze.
- Correggere o accettare formalmente ogni scostamento.

CRITERI DI ACCETTAZIONE
- Nessuna vulnerabilità critica/alta aperta.
- Evidenze collegate alla card.

TEST MINIMI
- Test unitari delle regole e delle validazioni introdotte.
- Test del flusso UI positivo, vuoto, errore e permessi insufficienti.
- Smoke test dell’ambiente e verifica di log, metriche, retry e configurazione.
- Test di integrazione e regressione sui casi limite indicati nei criteri di accettazione.

DELIVERABLE
- Codice applicativo e configurazioni nel modulo coerente con l’architettura approvata.
- API/servizi di dominio, validazioni e documentazione tecnica aggiornata.
- Interfaccia web/mobile con stati di caricamento, vuoto, errore e successo.
- Configurazione infrastrutturale, osservabilità e runbook pertinenti.
- Test automatici e breve evidenza di verifica collegabile alla card.

DIPENDENZE
Tutte le Epic Must pertinenti

STIMA INIZIALE
3–5 giorni

PROMPT CURSOR
CONTESTO STANDARD — FANTAPPERÒ
Stai lavorando su FantApperò, una piattaforma fantasy football web con backend Python/FastAPI, frontend React/TypeScript, PostgreSQL, Redis, worker asincroni e integrazione centralizzata con API-Football. L’architettura approvata è un monolite modulare API-first. Gli ambienti locali e i servizi applicativi devono essere gestiti con Docker e Docker Compose.

REGOLE GENERALI OBBLIGATORIE
- Usa l’italiano come lingua predefinita per interfaccia, messaggi utente, dati seed, documentazione funzionale e nuovi contenuti. Predisponi il codice per una futura internazionalizzazione, senza implementare ora lingue aggiuntive se la card non lo richiede.
- Non modificare funzionalità, regole di gioco, API, schema dati, configurazioni o componenti non necessari alla card.
- Non cancellare o rinominare codice, migrazioni, dati, test o funzioni esistenti senza una motivazione tecnica esplicita e verificata.
- Prima di creare qualcosa, controlla cosa esiste già e riusa pattern, moduli e componenti compatibili.
- Mantieni compatibilità con le funzionalità esistenti e non anticipare card o milestone successive.
- Non inserire segreti nel codice, nei log, nei test, nei commit o nella documentazione.
- Non usare Makefile, il comando `make` o wrapper equivalenti. Usa i normali comandi `docker compose` definiti dal progetto.
- Non presupporre servizi installati localmente: esegui backend, worker, database, Redis, migrazioni e test attraverso Docker Compose, salvo attività puramente frontend già previste diversamente dal repository.
- Se manca un servizio o un comando Compose necessario, aggiorna `compose.yaml` e la documentazione in modo minimale e coerente con lo scope.

INCARICO
- Card Trello: EP12-04 — Security review
- Dipendenze dichiarate: Tutte le Epic Must pertinenti

Prima di modificare il codice:
1. analizza la struttura del progetto aperto e individua tutti i file coinvolti nella card;
2. leggi il README e la documentazione architetturale o tecnica effettivamente presenti e pertinenti;
3. verifica cosa esiste già ed evita implementazioni duplicate;
4. controlla che le dipendenze funzionali dichiarate siano già implementate; se manca una dipendenza bloccante, fermati e descrivi con precisione cosa manca;
5. indicami brevemente il piano che seguirai prima di applicare le modifiche;
6. riusa pattern, servizi e componenti già adottati quando sono compatibili;
7. non introdurre segreti, credenziali, dipendenze non necessarie o modifiche fuori scope.

USER STORY
Come team vogliamo rilasciare una Beta osservabile, sicura e recuperabile.

ATTIVITÀ RICHIESTE
- Verificare OWASP, autorizzazioni, rate limit, upload e segreti.
- Definire piano, dati di test, responsabile ed evidenze.
- Correggere o accettare formalmente ogni scostamento.

VINCOLI DI IMPLEMENTAZIONE
- Rispetta il monolite modulare API-first, i confini di dominio e il modello dati approvati.
- Le autorizzazioni e le validazioni decisive devono essere applicate lato server.
- Le operazioni che cambiano crediti, rose, mercato, risultati o configurazioni devono essere atomiche e auditabili.
- Mantieni retrocompatibilità con migrazioni e API esistenti; se non è possibile, documenta esplicitamente la decisione.
- Non implementare funzionalità appartenenti a card successive.
- Aggiungi log e metriche utili senza esporre dati personali o segreti.

CRITERI DI ACCETTAZIONE
- Nessuna vulnerabilità critica/alta aperta.
- Evidenze collegate alla card.

TEST MINIMI
- Test unitari delle regole e delle validazioni introdotte.
- Test del flusso UI positivo, vuoto, errore e permessi insufficienti.
- Smoke test dell’ambiente e verifica di log, metriche, retry e configurazione.
- Test di integrazione e regressione sui casi limite indicati nei criteri di accettazione.

DELIVERABLE ATTESI
- Codice applicativo e configurazioni nel modulo coerente con l’architettura approvata.
- API/servizi di dominio, validazioni e documentazione tecnica aggiornata.
- Interfaccia web/mobile con stati di caricamento, vuoto, errore e successo.
- Configurazione infrastrutturale, osservabilità e runbook pertinenti.
- Test automatici e breve evidenza di verifica collegabile alla card.

CHIUSURA DEL LAVORO
- Esegui lint, type-check, test pertinenti e build dei moduli toccati usando i comandi ordinari `docker compose`; non usare `make`.
- Riporta file modificati, migrazioni, comandi eseguiti e relativi esiti.
- Spiega le decisioni tecniche non ovvie e gli eventuali rischi residui.
- Se qualcosa non è verificabile nell’ambiente disponibile, dichiaralo chiaramente senza simulare un esito positivo.
- Non creare commit o push se non richiesto espressamente.
",M5 — Ready,"M5, EP12, Must, QA, Backend, Frontend, Infrastructure",,,69
EP12-05 — Backup e disaster recovery,"CODICE: EP12-05

USER STORY
Come team vogliamo rilasciare una Beta osservabile, sicura e recuperabile.

OBIETTIVO E SCOPE
- Automatizzare backup e testare restore.
- Definire piano, dati di test, responsabile ed evidenze.
- Correggere o accettare formalmente ogni scostamento.

CRITERI DI ACCETTAZIONE
- RPO/RTO Beta definiti; restore dimostrato.
- Evidenze collegate alla card.

TEST MINIMI
- Test unitari delle regole e delle validazioni introdotte.
- Test del flusso UI positivo, vuoto, errore e permessi insufficienti.
- Smoke test dell’ambiente e verifica di log, metriche, retry e configurazione.
- Test di integrazione e regressione sui casi limite indicati nei criteri di accettazione.

DELIVERABLE
- Codice applicativo e configurazioni nel modulo coerente con l’architettura approvata.
- API/servizi di dominio, validazioni e documentazione tecnica aggiornata.
- Interfaccia web/mobile con stati di caricamento, vuoto, errore e successo.
- Configurazione infrastrutturale, osservabilità e runbook pertinenti.
- Test automatici e breve evidenza di verifica collegabile alla card.

DIPENDENZE
Tutte le Epic Must pertinenti

STIMA INIZIALE
3–5 giorni

PROMPT CURSOR
CONTESTO STANDARD — FANTAPPERÒ
Stai lavorando su FantApperò, una piattaforma fantasy football web con backend Python/FastAPI, frontend React/TypeScript, PostgreSQL, Redis, worker asincroni e integrazione centralizzata con API-Football. L’architettura approvata è un monolite modulare API-first. Gli ambienti locali e i servizi applicativi devono essere gestiti con Docker e Docker Compose.

REGOLE GENERALI OBBLIGATORIE
- Usa l’italiano come lingua predefinita per interfaccia, messaggi utente, dati seed, documentazione funzionale e nuovi contenuti. Predisponi il codice per una futura internazionalizzazione, senza implementare ora lingue aggiuntive se la card non lo richiede.
- Non modificare funzionalità, regole di gioco, API, schema dati, configurazioni o componenti non necessari alla card.
- Non cancellare o rinominare codice, migrazioni, dati, test o funzioni esistenti senza una motivazione tecnica esplicita e verificata.
- Prima di creare qualcosa, controlla cosa esiste già e riusa pattern, moduli e componenti compatibili.
- Mantieni compatibilità con le funzionalità esistenti e non anticipare card o milestone successive.
- Non inserire segreti nel codice, nei log, nei test, nei commit o nella documentazione.
- Non usare Makefile, il comando `make` o wrapper equivalenti. Usa i normali comandi `docker compose` definiti dal progetto.
- Non presupporre servizi installati localmente: esegui backend, worker, database, Redis, migrazioni e test attraverso Docker Compose, salvo attività puramente frontend già previste diversamente dal repository.
- Se manca un servizio o un comando Compose necessario, aggiorna `compose.yaml` e la documentazione in modo minimale e coerente con lo scope.

INCARICO
- Card Trello: EP12-05 — Backup e disaster recovery
- Dipendenze dichiarate: Tutte le Epic Must pertinenti

Prima di modificare il codice:
1. analizza la struttura del progetto aperto e individua tutti i file coinvolti nella card;
2. leggi il README e la documentazione architetturale o tecnica effettivamente presenti e pertinenti;
3. verifica cosa esiste già ed evita implementazioni duplicate;
4. controlla che le dipendenze funzionali dichiarate siano già implementate; se manca una dipendenza bloccante, fermati e descrivi con precisione cosa manca;
5. indicami brevemente il piano che seguirai prima di applicare le modifiche;
6. riusa pattern, servizi e componenti già adottati quando sono compatibili;
7. non introdurre segreti, credenziali, dipendenze non necessarie o modifiche fuori scope.

USER STORY
Come team vogliamo rilasciare una Beta osservabile, sicura e recuperabile.

ATTIVITÀ RICHIESTE
- Automatizzare backup e testare restore.
- Definire piano, dati di test, responsabile ed evidenze.
- Correggere o accettare formalmente ogni scostamento.

VINCOLI DI IMPLEMENTAZIONE
- Rispetta il monolite modulare API-first, i confini di dominio e il modello dati approvati.
- Le autorizzazioni e le validazioni decisive devono essere applicate lato server.
- Le operazioni che cambiano crediti, rose, mercato, risultati o configurazioni devono essere atomiche e auditabili.
- Mantieni retrocompatibilità con migrazioni e API esistenti; se non è possibile, documenta esplicitamente la decisione.
- Non implementare funzionalità appartenenti a card successive.
- Aggiungi log e metriche utili senza esporre dati personali o segreti.

CRITERI DI ACCETTAZIONE
- RPO/RTO Beta definiti; restore dimostrato.
- Evidenze collegate alla card.

TEST MINIMI
- Test unitari delle regole e delle validazioni introdotte.
- Test del flusso UI positivo, vuoto, errore e permessi insufficienti.
- Smoke test dell’ambiente e verifica di log, metriche, retry e configurazione.
- Test di integrazione e regressione sui casi limite indicati nei criteri di accettazione.

DELIVERABLE ATTESI
- Codice applicativo e configurazioni nel modulo coerente con l’architettura approvata.
- API/servizi di dominio, validazioni e documentazione tecnica aggiornata.
- Interfaccia web/mobile con stati di caricamento, vuoto, errore e successo.
- Configurazione infrastrutturale, osservabilità e runbook pertinenti.
- Test automatici e breve evidenza di verifica collegabile alla card.

CHIUSURA DEL LAVORO
- Esegui lint, type-check, test pertinenti e build dei moduli toccati usando i comandi ordinari `docker compose`; non usare `make`.
- Riporta file modificati, migrazioni, comandi eseguiti e relativi esiti.
- Spiega le decisioni tecniche non ovvie e gli eventuali rischi residui.
- Se qualcosa non è verificabile nell’ambiente disponibile, dichiaralo chiaramente senza simulare un esito positivo.
- Non creare commit o push se non richiesto espressamente.
",M5 — Ready,"M5, EP12, Must, QA, Backend, Frontend, Infrastructure",,,70
EP12-06 — Runbook e supporto pilot,"CODICE: EP12-06

USER STORY
Come team vogliamo rilasciare una Beta osservabile, sicura e recuperabile.

OBIETTIVO E SCOPE
- Documentare incidenti, dati mancanti, ricalcoli e rollback.
- Definire piano, dati di test, responsabile ed evidenze.
- Correggere o accettare formalmente ogni scostamento.

CRITERI DI ACCETTAZIONE
- Un operatore può gestire gli incidenti previsti senza intervento improvvisato.
- Evidenze collegate alla card.

TEST MINIMI
- Test unitari delle regole e delle validazioni introdotte.
- Test del flusso UI positivo, vuoto, errore e permessi insufficienti.
- Smoke test dell’ambiente e verifica di log, metriche, retry e configurazione.
- Test di integrazione e regressione sui casi limite indicati nei criteri di accettazione.

DELIVERABLE
- Codice applicativo e configurazioni nel modulo coerente con l’architettura approvata.
- API/servizi di dominio, validazioni e documentazione tecnica aggiornata.
- Interfaccia web/mobile con stati di caricamento, vuoto, errore e successo.
- Configurazione infrastrutturale, osservabilità e runbook pertinenti.
- Test automatici e breve evidenza di verifica collegabile alla card.

DIPENDENZE
Tutte le Epic Must pertinenti

STIMA INIZIALE
3–5 giorni

PROMPT CURSOR
CONTESTO STANDARD — FANTAPPERÒ
Stai lavorando su FantApperò, una piattaforma fantasy football web con backend Python/FastAPI, frontend React/TypeScript, PostgreSQL, Redis, worker asincroni e integrazione centralizzata con API-Football. L’architettura approvata è un monolite modulare API-first. Gli ambienti locali e i servizi applicativi devono essere gestiti con Docker e Docker Compose.

REGOLE GENERALI OBBLIGATORIE
- Usa l’italiano come lingua predefinita per interfaccia, messaggi utente, dati seed, documentazione funzionale e nuovi contenuti. Predisponi il codice per una futura internazionalizzazione, senza implementare ora lingue aggiuntive se la card non lo richiede.
- Non modificare funzionalità, regole di gioco, API, schema dati, configurazioni o componenti non necessari alla card.
- Non cancellare o rinominare codice, migrazioni, dati, test o funzioni esistenti senza una motivazione tecnica esplicita e verificata.
- Prima di creare qualcosa, controlla cosa esiste già e riusa pattern, moduli e componenti compatibili.
- Mantieni compatibilità con le funzionalità esistenti e non anticipare card o milestone successive.
- Non inserire segreti nel codice, nei log, nei test, nei commit o nella documentazione.
- Non usare Makefile, il comando `make` o wrapper equivalenti. Usa i normali comandi `docker compose` definiti dal progetto.
- Non presupporre servizi installati localmente: esegui backend, worker, database, Redis, migrazioni e test attraverso Docker Compose, salvo attività puramente frontend già previste diversamente dal repository.
- Se manca un servizio o un comando Compose necessario, aggiorna `compose.yaml` e la documentazione in modo minimale e coerente con lo scope.

INCARICO
- Card Trello: EP12-06 — Runbook e supporto pilot
- Dipendenze dichiarate: Tutte le Epic Must pertinenti

Prima di modificare il codice:
1. analizza la struttura del progetto aperto e individua tutti i file coinvolti nella card;
2. leggi il README e la documentazione architetturale o tecnica effettivamente presenti e pertinenti;
3. verifica cosa esiste già ed evita implementazioni duplicate;
4. controlla che le dipendenze funzionali dichiarate siano già implementate; se manca una dipendenza bloccante, fermati e descrivi con precisione cosa manca;
5. indicami brevemente il piano che seguirai prima di applicare le modifiche;
6. riusa pattern, servizi e componenti già adottati quando sono compatibili;
7. non introdurre segreti, credenziali, dipendenze non necessarie o modifiche fuori scope.

USER STORY
Come team vogliamo rilasciare una Beta osservabile, sicura e recuperabile.

ATTIVITÀ RICHIESTE
- Documentare incidenti, dati mancanti, ricalcoli e rollback.
- Definire piano, dati di test, responsabile ed evidenze.
- Correggere o accettare formalmente ogni scostamento.

VINCOLI DI IMPLEMENTAZIONE
- Rispetta il monolite modulare API-first, i confini di dominio e il modello dati approvati.
- Le autorizzazioni e le validazioni decisive devono essere applicate lato server.
- Le operazioni che cambiano crediti, rose, mercato, risultati o configurazioni devono essere atomiche e auditabili.
- Mantieni retrocompatibilità con migrazioni e API esistenti; se non è possibile, documenta esplicitamente la decisione.
- Non implementare funzionalità appartenenti a card successive.
- Aggiungi log e metriche utili senza esporre dati personali o segreti.

CRITERI DI ACCETTAZIONE
- Un operatore può gestire gli incidenti previsti senza intervento improvvisato.
- Evidenze collegate alla card.

TEST MINIMI
- Test unitari delle regole e delle validazioni introdotte.
- Test del flusso UI positivo, vuoto, errore e permessi insufficienti.
- Smoke test dell’ambiente e verifica di log, metriche, retry e configurazione.
- Test di integrazione e regressione sui casi limite indicati nei criteri di accettazione.

DELIVERABLE ATTESI
- Codice applicativo e configurazioni nel modulo coerente con l’architettura approvata.
- API/servizi di dominio, validazioni e documentazione tecnica aggiornata.
- Interfaccia web/mobile con stati di caricamento, vuoto, errore e successo.
- Configurazione infrastrutturale, osservabilità e runbook pertinenti.
- Test automatici e breve evidenza di verifica collegabile alla card.

CHIUSURA DEL LAVORO
- Esegui lint, type-check, test pertinenti e build dei moduli toccati usando i comandi ordinari `docker compose`; non usare `make`.
- Riporta file modificati, migrazioni, comandi eseguiti e relativi esiti.
- Spiega le decisioni tecniche non ovvie e gli eventuali rischi residui.
- Se qualcosa non è verificabile nell’ambiente disponibile, dichiaralo chiaramente senza simulare un esito positivo.
- Non creare commit o push se non richiesto espressamente.
",M5 — Ready,"M5, EP12, Must, QA, Backend, Frontend, Infrastructure",,,71
EP12-07 — Pilot e gate Beta chiusa,"CODICE: EP12-07

USER STORY
Come team vogliamo rilasciare una Beta osservabile, sicura e recuperabile.

OBIETTIVO E SCOPE
- Onboardare leghe pilota, raccogliere KPI e decidere go/no-go.
- Definire piano, dati di test, responsabile ed evidenze.
- Correggere o accettare formalmente ogni scostamento.

CRITERI DI ACCETTAZIONE
- Criteri di uscita misurati e decisione registrata.
- Evidenze collegate alla card.

TEST MINIMI
- Test unitari delle regole e delle validazioni introdotte.
- Test del flusso UI positivo, vuoto, errore e permessi insufficienti.
- Smoke test dell’ambiente e verifica di log, metriche, retry e configurazione.
- Test di integrazione e regressione sui casi limite indicati nei criteri di accettazione.

DELIVERABLE
- Codice applicativo e configurazioni nel modulo coerente con l’architettura approvata.
- API/servizi di dominio, validazioni e documentazione tecnica aggiornata.
- Interfaccia web/mobile con stati di caricamento, vuoto, errore e successo.
- Configurazione infrastrutturale, osservabilità e runbook pertinenti.
- Test automatici e breve evidenza di verifica collegabile alla card.

DIPENDENZE
Tutte le Epic Must pertinenti

STIMA INIZIALE
3–5 giorni

PROMPT CURSOR
CONTESTO STANDARD — FANTAPPERÒ
Stai lavorando su FantApperò, una piattaforma fantasy football web con backend Python/FastAPI, frontend React/TypeScript, PostgreSQL, Redis, worker asincroni e integrazione centralizzata con API-Football. L’architettura approvata è un monolite modulare API-first. Gli ambienti locali e i servizi applicativi devono essere gestiti con Docker e Docker Compose.

REGOLE GENERALI OBBLIGATORIE
- Usa l’italiano come lingua predefinita per interfaccia, messaggi utente, dati seed, documentazione funzionale e nuovi contenuti. Predisponi il codice per una futura internazionalizzazione, senza implementare ora lingue aggiuntive se la card non lo richiede.
- Non modificare funzionalità, regole di gioco, API, schema dati, configurazioni o componenti non necessari alla card.
- Non cancellare o rinominare codice, migrazioni, dati, test o funzioni esistenti senza una motivazione tecnica esplicita e verificata.
- Prima di creare qualcosa, controlla cosa esiste già e riusa pattern, moduli e componenti compatibili.
- Mantieni compatibilità con le funzionalità esistenti e non anticipare card o milestone successive.
- Non inserire segreti nel codice, nei log, nei test, nei commit o nella documentazione.
- Non usare Makefile, il comando `make` o wrapper equivalenti. Usa i normali comandi `docker compose` definiti dal progetto.
- Non presupporre servizi installati localmente: esegui backend, worker, database, Redis, migrazioni e test attraverso Docker Compose, salvo attività puramente frontend già previste diversamente dal repository.
- Se manca un servizio o un comando Compose necessario, aggiorna `compose.yaml` e la documentazione in modo minimale e coerente con lo scope.

INCARICO
- Card Trello: EP12-07 — Pilot e gate Beta chiusa
- Dipendenze dichiarate: Tutte le Epic Must pertinenti

Prima di modificare il codice:
1. analizza la struttura del progetto aperto e individua tutti i file coinvolti nella card;
2. leggi il README e la documentazione architetturale o tecnica effettivamente presenti e pertinenti;
3. verifica cosa esiste già ed evita implementazioni duplicate;
4. controlla che le dipendenze funzionali dichiarate siano già implementate; se manca una dipendenza bloccante, fermati e descrivi con precisione cosa manca;
5. indicami brevemente il piano che seguirai prima di applicare le modifiche;
6. riusa pattern, servizi e componenti già adottati quando sono compatibili;
7. non introdurre segreti, credenziali, dipendenze non necessarie o modifiche fuori scope.

USER STORY
Come team vogliamo rilasciare una Beta osservabile, sicura e recuperabile.

ATTIVITÀ RICHIESTE
- Onboardare leghe pilota, raccogliere KPI e decidere go/no-go.
- Definire piano, dati di test, responsabile ed evidenze.
- Correggere o accettare formalmente ogni scostamento.

VINCOLI DI IMPLEMENTAZIONE
- Rispetta il monolite modulare API-first, i confini di dominio e il modello dati approvati.
- Le autorizzazioni e le validazioni decisive devono essere applicate lato server.
- Le operazioni che cambiano crediti, rose, mercato, risultati o configurazioni devono essere atomiche e auditabili.
- Mantieni retrocompatibilità con migrazioni e API esistenti; se non è possibile, documenta esplicitamente la decisione.
- Non implementare funzionalità appartenenti a card successive.
- Aggiungi log e metriche utili senza esporre dati personali o segreti.

CRITERI DI ACCETTAZIONE
- Criteri di uscita misurati e decisione registrata.
- Evidenze collegate alla card.

TEST MINIMI
- Test unitari delle regole e delle validazioni introdotte.
- Test del flusso UI positivo, vuoto, errore e permessi insufficienti.
- Smoke test dell’ambiente e verifica di log, metriche, retry e configurazione.
- Test di integrazione e regressione sui casi limite indicati nei criteri di accettazione.

DELIVERABLE ATTESI
- Codice applicativo e configurazioni nel modulo coerente con l’architettura approvata.
- API/servizi di dominio, validazioni e documentazione tecnica aggiornata.
- Interfaccia web/mobile con stati di caricamento, vuoto, errore e successo.
- Configurazione infrastrutturale, osservabilità e runbook pertinenti.
- Test automatici e breve evidenza di verifica collegabile alla card.

CHIUSURA DEL LAVORO
- Esegui lint, type-check, test pertinenti e build dei moduli toccati usando i comandi ordinari `docker compose`; non usare `make`.
- Riporta file modificati, migrazioni, comandi eseguiti e relativi esiti.
- Spiega le decisioni tecniche non ovvie e gli eventuali rischi residui.
- Se qualcosa non è verificabile nell’ambiente disponibile, dichiaralo chiaramente senza simulare un esito positivo.
- Non creare commit o push se non richiesto espressamente.
",M5 — Ready,"M5, EP12, Must, QA, Backend, Frontend, Infrastructure",,,72
